model,dataset,episode_id,success,spl_full_suite,ndtw,sdtw,steps,path_length,termination
astra,r2r,1639,1,1.0,0.9316564377468739,0.9316564377468739,97,13.755959123373032,stop
astra,rxr,1936,1,1.0,0.9410193749698637,0.9410193749698637,25,2.9339453894644976,stop
astra,r2r,1746,0,0.0,0.5234448318778038,0.0,31,3.0000015646219254,stop
astra,rxr,10574,1,0.9903843945442279,0.946525014905073,0.946525014905073,32,2.2500250935554504,stop
astra,r2r,1482,1,1.0,0.9474522535568387,0.9474522535568387,53,7.518002908676863,stop
astra,rxr,9489,1,1.0,0.9150077332205557,0.9150077332205557,32,2.267277777194977,stop
astra,r2r,289,1,1.0,0.9137492882707867,0.9137492882707867,57,5.8127800691872835,stop
astra,rxr,2437,1,0.7991415573695546,0.9091922861473193,0.9091922861473193,100,14.205461665987968,stop
astra,r2r,1583,0,0.0,0.7700628493781638,0.0,50,4.814682736992836,stop
astra,rxr,1158,1,0.6105104386773225,0.8352500454734189,0.8352500454734189,135,14.881070166826248,stop
astra,r2r,1785,1,1.0,0.9333263683298003,0.9333263683298003,55,10.30931705236435,stop
astra,rxr,6529,1,1.0,0.9040082719098772,0.9040082719098772,16,1.249999850988388,stop
astra,r2r,726,1,0.9272995502602684,0.9424890539138069,0.9424890539138069,46,8.720809236168861,stop
astra,rxr,4179,1,0.5873559241797682,0.8547955117100215,0.8547955117100215,47,6.231752693653107,stop
astra,r2r,802,0,0.0,0.7637609728186007,0.0,56,9.760546416044235,stop
astra,rxr,2682,1,0.9169704786910873,0.9406401812727624,0.9406401812727624,150,25.373246118426323,stop
astra,r2r,949,0,0.0,0.7089750810622402,0.0,78,8.199585571885109,stop
astra,rxr,2836,1,0.8191739880532923,0.9268049712972437,0.9268049712972437,48,6.276342540979385,stop
astra,r2r,1618,1,0.7084050584984336,0.6670290621245072,0.6670290621245072,103,13.960914175957441,stop
astra,rxr,10139,1,0.9520334140764711,0.8018258105266972,0.8018258105266972,52,8.895552784204483,stop
astra,r2r,1629,1,1.0,0.9121475001862458,0.9121475001862458,53,6.712885022163391,stop
astra,rxr,9036,1,0.7729985643880556,0.9008986290271084,0.9008986290271084,73,11.027130827307701,stop
astra,r2r,256,1,0.9954818647343516,0.9233558128246722,0.9233558128246722,38,4.989576011896133,stop
astra,rxr,10469,1,0.6486499923087133,0.8063728304906503,0.8063728304906503,175,26.172349199652672,stop
astra,r2r,1231,1,1.0,0.8997022334004938,0.8997022334004938,44,8.274558179080486,stop
astra,rxr,1563,1,0.5769094646797427,0.5877178184648133,0.5877178184648133,284,39.10931230336428,stop
astra,r2r,913,1,1.0,0.9394613135786238,0.9394613135786238,65,10.505350068211555,stop
astra,rxr,9488,1,1.0,0.8483428691085242,0.8483428691085242,20,1.7939385324716568,stop
astra,r2r,401,1,1.0,0.8814275013946279,0.8814275013946279,28,3.9622967690229416,stop
astra,rxr,7796,1,0.9478422954595467,0.9150910929757308,0.9150910929757308,156,25.25881164520979,stop
astra,r2r,1582,0,0.0,0.6193130017644181,0.0,24,2.7500000670552254,stop
astra,rxr,2183,1,1.0,0.9125677987144201,0.9125677987144201,72,5.752080604434013,stop
astra,r2r,1328,1,1.0,0.9322612851051609,0.9322612851051609,48,7.990454405546188,stop
astra,rxr,3852,1,0.8620448696534634,0.7169051153320356,0.7169051153320356,106,14.374455779790878,stop
astra,r2r,1325,1,0.9501641355591218,0.6935524767469362,0.6935524767469362,70,8.229720059782267,stop
astra,rxr,6321,1,1.0,0.8633789204409044,0.8633789204409044,48,6.457775145769119,stop
astra,r2r,314,1,1.0,0.8935041151346746,0.8935041151346746,48,9.768877133727074,stop
astra,rxr,1622,1,0.8517585432201068,0.8475486629794412,0.8475486629794412,169,25.086014956235886,stop
astra,r2r,1603,1,0.9538030856493283,0.93027386435021,0.93027386435021,84,7.58923526853323,stop
astra,rxr,7211,1,0.9464905264143484,0.8375823551706642,0.8375823551706642,118,16.884940028190613,stop
astra,r2r,1002,1,0.5823570502479499,0.5585355816724505,0.5585355816724505,79,14.290684521198273,stop
astra,rxr,2845,1,1.0,0.9396818124828554,0.9396818124828554,88,12.61404524743557,stop
astra,r2r,464,1,1.0,0.8911019040018088,0.8911019040018088,39,4.795450866222382,stop
astra,rxr,7612,1,1.0,0.9379303159812622,0.9379303159812622,112,12.318911731243134,stop
astra,r2r,1075,1,0.7803471800675142,0.8808803984881842,0.8808803984881842,106,12.78564190864563,stop
astra,rxr,2885,1,0.9839145256705861,0.9268893317865858,0.9268893317865858,130,16.934679575264454,stop
astra,r2r,680,1,1.0,0.9371354544167602,0.9371354544167602,45,9.166826128959656,stop
astra,rxr,6147,1,0.9028515196746892,0.9175201125029909,0.9175201125029909,41,3.9110710993409157,stop
astra,r2r,1474,1,0.4210914580327757,0.2820079680856414,0.2820079680856414,114,17.252885669469833,stop
astra,rxr,2693,1,0.7518651434922671,0.7417096293594595,0.7417096293594595,108,15.160053007304668,stop
astra,r2r,919,1,0.7781556384829519,0.645055582279468,0.645055582279468,67,11.84515093266964,stop
astra,rxr,1124,0,0.0,0.3882153185604025,0.0,174,24.564911991357803,stop
astra,r2r,1779,1,1.0,0.9651891448949751,0.9651891448949751,53,6.334622040390968,stop
astra,rxr,2184,1,1.0,0.8526302916217715,0.8526302916217715,61,4.70953868329525,stop
astra,r2r,785,1,1.0,0.9204732631197199,0.9204732631197199,57,6.3893164694309235,stop
astra,rxr,5898,1,1.0,0.9526597410936777,0.9526597410936777,8,0.7555555999279022,stop
astra,r2r,693,0,0.0,0.8070992401943418,0.0,92,10.912798315286636,stop
astra,rxr,8632,1,0.9849408533097509,0.9400618752259754,0.9400618752259754,138,18.13731011748314,stop
astra,r2r,1472,1,0.7831135797393183,0.8790533574314342,0.8790533574314342,117,13.24721259251237,stop
astra,rxr,10353,1,0.9451461843683782,0.9248163190993587,0.9248163190993587,50,11.066836014389992,stop
astra,r2r,1605,1,1.0,0.931060986057,0.931060986057,64,7.010971538722515,stop
astra,rxr,3154,1,0.45297614130110775,0.7519651962235654,0.7519651962235654,124,14.514782309532166,stop
astra,r2r,1555,1,0.20819530673782782,1.371248555776223e-06,1.371248555776223e-06,376,73.48722338981406,stop
astra,rxr,9064,1,1.0,0.9616522652727678,0.9616522652727678,38,4.336964830756187,stop
astra,r2r,614,1,0.3529770884862992,0.3045421494229042,0.3045421494229042,162,20.404392071068287,stop
astra,rxr,2984,1,1.0,0.9478083315495397,0.9478083315495397,34,3.698104664683342,stop
astra,r2r,518,1,0.9518871971862163,0.957180796727818,0.957180796727818,81,10.433029770851135,stop
astra,rxr,9540,1,0.04516497279707942,0.7551036670094488,0.7551036670094488,212,29.480354968458414,stop
astra,r2r,444,0,0.0,0.1586252179749735,0.0,96,14.016850784420967,stop
astra,rxr,667,1,0.8933706717370269,0.9430379093453262,0.9430379093453262,104,15.569911506026983,stop
astra,r2r,1614,1,0.9487138339578869,0.966722447401153,0.966722447401153,66,8.249624952673912,stop
astra,rxr,852,1,0.6181820774348906,0.9036699901066269,0.9036699901066269,63,5.737277492880821,stop
astra,r2r,402,1,0.3821198866010324,0.3161773655012122,0.3161773655012122,124,15.0407888982445,stop
astra,rxr,5193,1,0.5148075897930815,0.6594568794697133,0.6594568794697133,326,45.45377824921161,stop
astra,r2r,1584,0,0.0,0.37472376217433817,0.0,83,9.279956694692373,stop
astra,rxr,1153,1,0.8240257677861773,0.7863061214113101,0.7863061214113101,115,11.025199733674526,stop
astra,r2r,569,0,0.0,0.8906011741309728,0.0,89,10.657185763120651,stop
astra,rxr,1024,0,0.0,0.04415443262910424,0.0,183,24.895581051707268,stop
astra,r2r,1578,1,0.6765469824383284,0.5291309360927614,0.5291309360927614,109,7.296631149947643,stop
astra,rxr,8156,1,1.0,0.9452355806956907,0.9452355806956907,112,15.65872086584568,stop
astra,r2r,1295,1,0.5017906299415292,0.6397381390935556,0.6397381390935556,109,15.751593828201294,stop
astra,rxr,5081,1,1.0,0.93608319835933,0.93608319835933,35,4.720784954726696,stop
astra,r2r,189,0,0.0,0.011020328097800127,0.0,319,40.542492374777794,stop
astra,rxr,10687,1,1.0,0.90546888354263,0.90546888354263,82,9.96658381074667,stop
astra,r2r,552,1,0.9942129286215263,0.8704469477023967,0.8704469477023967,99,17.11139976978302,stop
astra,rxr,4536,1,1.0,0.944149361270986,0.944149361270986,19,2.645357072353363,stop
astra,r2r,1090,1,0.9825984002027652,0.9394510945603722,0.9394510945603722,65,5.1783813536167145,stop
astra,rxr,3125,0,0.0,0.902197914218794,0.0,90,12.045333974063396,stop
astra,r2r,34,1,1.0,0.9161819961195229,0.9161819961195229,35,6.299956977367401,stop
astra,rxr,10776,1,0.3390830959618276,0.953953863647627,0.953953863647627,73,9.949335560202599,stop
astra,r2r,204,1,0.40548122640869966,0.2673792856443282,0.2673792856443282,171,27.650887981057167,stop
astra,rxr,2291,1,0.9411242236041241,0.9540309147969503,0.9540309147969503,38,5.080293267965317,stop
astra,r2r,1136,1,1.0,0.8832534618785862,0.8832534618785862,60,9.945109143853188,stop
astra,rxr,7733,1,0.2715861047027162,0.6576190198739191,0.6576190198739191,160,14.447576887905598,stop
astra,r2r,290,1,1.0,0.8029244820730836,0.8029244820730836,42,4.671542711555958,stop
astra,rxr,6022,1,0.8743726344318861,0.9135860127684822,0.9135860127684822,183,25.50148218125105,stop
astra,r2r,1483,0,0.0,0.7934712534181554,0.0,29,3.665831573307514,stop
astra,rxr,2182,1,1.0,0.9449191400097152,0.9449191400097152,74,6.16202612221241,stop
astra,r2r,1346,1,0.352358973609647,0.05177443534950038,0.05177443534950038,182,31.214980468153954,stop
astra,rxr,1520,0,0.0,0.8198153562161817,0.0,72,9.714415550231934,stop
astra,mp3d,b874dd5d292a56893f8f1f2d,1,0.19596265773558544,,,353,46.25557648474348,stop
astra,mp3d,65a833e1eff761c105ee9341,1,0.6204476541200732,,,50,4.90103079594299,stop
astra,mp3d,8b5487caf55f1e522fa7541d,1,0.5980733000056699,,,62,9.689693790695264,stop
astra,mp3d,bb16cafc25611c30552523a2,1,0.9628941758576454,,,62,9.650820968351535,stop
astra,mp3d,59bbfbfd8f513f58e77cbca4,1,0.623976252757949,,,139,13.278710127737781,stop
astra,mp3d,213e6efdbb79f89c90754602,1,0.3783328702762082,,,68,13.257796259407508,stop
astra,mp3d,12db647d1a7e541b314450e7,0,0.0,,,11,2.500037707359158,stop
astra,mp3d,c09ded3a8d5419e660039b64,0,0.0,,,500,51.54089348140677,max_steps
astra,mp3d,350e40ac74cb834f8516ed03,0,0.0,,,280,35.890104113608,stop
astra,mp3d,b1a28e8929f8f07b4cba53ba,1,0.29620268208921563,,,260,35.09612176313702,stop
astra,mp3d,4e1b1981621cd500e1652491,1,0.34371048212372257,,,131,16.035204901041936,stop
astra,mp3d,b9b473c0438f6af91aab29dc,1,0.3626932990335184,,,129,17.09185165780452,stop
astra,mp3d,a31411f9e9b786354e28f764,0,0.0,,,500,60.06625836852642,max_steps
astra,mp3d,7c494537c81616782cf9312f,1,0.3282389401249812,,,398,49.60385839285813,stop
astra,mp3d,40f0bca4cbf1e04140b31aaa,0,0.0,,,500,45.21358207887234,max_steps
astra,mp3d,7cfc1789e75a6f70c5bcfad2,0,0.0,,,500,74.51574085606998,max_steps
astra,mp3d,a5762bd0e406a176ac6ed585,0,0.0,,,500,57.312544953818396,max_steps
astra,mp3d,1a62b46a8bddcdc5ff0391a9,1,0.246845648161524,,,277,30.749968346046135,stop
astra,mp3d,8d5674cfe54e2cb210fe4c5e,1,0.17622494884133297,,,238,32.361306634433696,stop
astra,mp3d,d85d14e6f78f570f4ef30dc1,1,0.6765677547209246,,,246,30.126840578053923,stop
astra,mp3d,33c5aeeec866328f56f08494,0,0.0,,,90,12.114317249402594,stop
astra,mp3d,18447f371a9fa6fc03de1150,0,0.0,,,45,7.000000447026944,stop
astra,mp3d,17204bef602c7448c9eec902,1,0.20782623375995457,,,162,11.583739257651835,stop
astra,mp3d,1b545dc184e221cf8b35dcf9,1,0.4254841575786582,,,71,2.6183133916302563,stop
astra,mp3d,77ecaea6266939d3f1f48db7,1,0.34138451169234474,,,77,11.638032241539346,stop
astra,mp3d,de3709d692cb32900a375891,1,0.22040095546803623,,,94,14.134705767561929,stop
astra,mp3d,bb690d28e8f3171705eedf5e,1,0.36937060326210097,,,344,41.917295007281545,stop
astra,mp3d,d36aa8471f1c762b245ce64c,0,0.0,,,4,0.5108534707424393,stop
astra,mp3d,99ac6a3c3d6a2dea570be0f9,0,0.0,,,47,4.864900670723465,stop
astra,mp3d,f68dce3d6af12e65bbb880b5,1,0.24039916369962733,,,404,49.12389942317658,stop
astra,mp3d,549c51dc0f03c599ad1f9ef8,1,0.46539208748955785,,,339,42.85768456465786,stop
astra,mp3d,1a6973823a6286dde0652423,1,0.2910605042908437,,,145,15.028229462240645,stop
astra,mp3d,cea90bf52bd39b7d144a1856,0,0.0,,,48,9.083601734519444,stop
astra,mp3d,a663b6f8fd76e030e9c93101,0,0.0,,,54,4.521473119199823,stop
astra,mp3d,cb995b75746b57d93358623d,1,0.46497328619133244,,,62,6.760479167996851,stop
astra,mp3d,b0fbc943f9b4b683b5923537,1,0.31221133953472685,,,154,24.99999615394067,stop
astra,mp3d,82bab0c34ef7e4466c33febc,1,0.7218802937814525,,,69,8.656573112455614,stop
astra,mp3d,b6defdd548e1dac72ffa3a48,0,0.0,,,500,66.75422675901027,max_steps
astra,mp3d,752a407317bb31624789056a,1,0.5079452231838323,,,274,43.595607679802264,stop
astra,mp3d,5fdd5735e025699ecc13e443,1,0.4372754457038118,,,262,14.909774133920106,stop
astra,mp3d,6c1e86f2b5c0caf337ac1dea,0,0.0,,,500,51.90703761406247,max_steps
astra,mp3d,b92a2d71689d902339a28c0b,0,0.0,,,500,58.622609559187914,max_steps
astra,mp3d,0530875b1b73c400a563c9ba,0,0.0,,,5,0.5000044995178987,stop
astra,mp3d,b5489479db6a32f20c87b1ff,0,0.0,,,24,2.7472411187776817,stop
astra,mp3d,925b72a27d4814afcf0034a3,1,0.06413959948450927,,,420,61.388432951304765,stop
astra,mp3d,b416d788c32f18ea8b3d14cd,1,0.33296505855681663,,,67,4.473890847001441,stop
astra,mp3d,1169adbfb45309a3c5d655cb,0,0.0,,,56,7.087974080162355,stop
astra,mp3d,d8a0c9925a83233ff66c8a05,0,0.0,,,17,3.092354141821408,stop
astra,mp3d,696a69051baecc961533b48e,0,0.0,,,500,73.35040920090516,max_steps
astra,mp3d,d8e848c88cc11f9266095a76,0,0.0,,,500,38.1600150338135,max_steps
astra,hm3d,26991104ba488fcf94ed0e2f,0,0.0,,,500,56.46911438804714,max_steps
astra,hm3d,e5eeab093f20749531e10cfd,1,0.7247876085800791,,,57,5.648559678847798,stop
astra,hm3d,1c79f4249a55a31ca930f2b0,1,0.7416109545305434,,,60,6.736328715127254,stop
astra,hm3d,9de789f9f275910a6bcd96aa,0,0.0,,,500,44.49668733892231,max_steps
astra,hm3d,dd7aa17effe4a51d6f41c21d,1,0.8838282387395986,,,90,11.922509746274255,stop
astra,hm3d,53b9750a6b34df161eba8893,1,0.5977774930643225,,,31,3.390800795275007,stop
astra,hm3d,7d2027f3e9e6c7dc65c9e82b,0,0.0,,,500,34.28969546339993,max_steps
astra,hm3d,c4ceff16d4cdde6779c260e9,1,0.4688943454341579,,,254,25.28418387407896,stop
astra,hm3d,045e3ce284d073e77e42bf05,1,0.4571727731318423,,,109,6.846193576831538,stop
astra,hm3d,49177509d92628e1870c25c8,1,0.5470643536672826,,,32,5.62865673928161,stop
astra,hm3d,dafdb95266c2c55311c27ef0,1,0.35146511054982615,,,79,12.776157509419725,stop
astra,hm3d,07b72e5c58de579a52417664,0,0.0,,,33,1.0546475158757682,stop
astra,hm3d,040a7e59cd62205f9ab7eb46,1,0.6757835951904732,,,43,6.164787640142815,stop
astra,hm3d,9aaea20f755d0f05d8661429,1,0.6134727079191096,,,111,13.84422686452711,stop
astra,hm3d,70ecf06bfa45e4396a520946,1,0.14938262906643018,,,306,29.186035039803176,stop
astra,hm3d,ed6f0f0e011888329e7a27ef,1,0.6533416585335253,,,133,11.107318066819891,stop
astra,hm3d,aac56f17bd388b5189907673,1,0.4977799076653133,,,197,21.51654458778866,stop
astra,hm3d,0e4475d4dd71a7789f162ea3,0,0.0,,,500,53.874333316765785,max_steps
astra,hm3d,82a91384f4cd0950418995ed,1,0.5069317872587319,,,80,6.434258565101677,stop
astra,hm3d,fc003722f4da63e574a4ba25,1,0.14971012781839904,,,178,19.163879833286547,stop
astra,hm3d,52e30fa02b660f8931f04bad,1,0.656853006528133,,,73,6.7046453058455215,stop
astra,hm3d,869e9dd3566a14d1c7ed6d3f,0,0.0,,,500,61.30559541124553,max_steps
astra,hm3d,a6603a577e336ff37fbc8c88,1,0.5119184343148833,,,39,3.6877904248890583,stop
astra,hm3d,ca986d7a6cce0d70f312e95d,0,0.0,,,122,14.51454558804834,stop
astra,hm3d,62cf692bffe9eeff98835c05,1,0.32600182932903177,,,43,6.65453090358194,stop
astra,hm3d,1ec2233d0129cf3be0e78ff3,1,0.49825452316682256,,,117,10.388894904969304,stop
astra,hm3d,8010a606898ef1db89a42896,1,0.18709739614368678,,,180,20.94690557446262,stop
astra,hm3d,a356eef974fd2e7582db6166,1,0.5362138260609279,,,59,4.228819829573112,stop
astra,hm3d,dd86a3f2ccb8e4d40797a328,1,0.5356617515954694,,,70,5.58606548275112,stop
astra,hm3d,cab188dc535a45de8d5ebd19,1,0.5572930610192657,,,178,18.61799255756439,stop
astra,hm3d,aa9bf4d38ca08237f6c2d679,1,0.7901616787569807,,,36,6.584390485805995,stop
astra,hm3d,ba396b8a2e1f707a37a58e83,1,1.0,,,12,2.057979612189661,stop
astra,hm3d,0638422c73f686ffa72ab5fa,1,0.3088442439230628,,,142,16.695594353245514,stop
astra,hm3d,2634f4ada3dd7f7e1f96d9e2,1,0.678837320016282,,,93,6.978888188594347,stop
astra,hm3d,083de1a97fc102f2f2094c63,1,0.8765709368778121,,,59,7.538555841402627,stop
astra,hm3d,80e1ccbe1d71f9dececa8662,0,0.0,,,182,21.287816448021314,stop
astra,hm3d,6b19a3f98ba0313c7bb299f8,1,0.37264347477527665,,,247,27.8966407315969,stop
astra,hm3d,d8345ac3e9e03a0aa4013d54,1,0.7028763964825698,,,43,5.983695241661431,stop
astra,hm3d,d137661edc40d54ac09c2a2d,1,0.5088251657193162,,,101,9.12634863862274,stop
astra,hm3d,f20284815275e144b59298d4,1,0.3149002275082072,,,322,21.393148121384556,stop
astra,hm3d,3fa2439ddc4a934d81bec5f9,1,0.8104431454837518,,,74,8.26570623901163,stop
astra,hm3d,981cdfad49d515c0d45f672b,1,0.42696627125354175,,,131,7.736806018146518,stop
astra,hm3d,d3862628202d6451c79b325a,1,0.6436836147730465,,,156,22.011019788002372,stop
astra,hm3d,71a3a289c4e099d9749b692b,1,0.38520195939035606,,,411,38.091043914206814,stop
astra,hm3d,5439c8e611af8b115778bac8,1,0.23214989713064457,,,206,18.204067129192413,stop
astra,hm3d,5c1f6f14cce965e3603e9c19,1,0.7299946003706291,,,65,7.65634935150545,stop
astra,hm3d,24d5989605fcae318f33aa35,1,0.4905035012968254,,,145,15.54618999565575,stop
astra,hm3d,2d8427402e89e193accfd072,0,0.0,,,365,47.99460141328807,stop
astra,hm3d,ad833a3dce01bcc19f8b11b1,1,0.4309313488021127,,,54,5.515157239565753,stop
astra,hm3d,495359401732f5630cfed38c,1,0.311832084917536,,,143,14.849753323857987,stop
lightnav,r2r,1639,1,0.9546231212961718,0.9296109285997908,0.9296109285997908,73,14.755308032035828,stop
lightnav,r2r,1746,0,0.0,0.4438716954032187,0.0,38,4.939068913459778,stop
lightnav,r2r,1482,1,1.0,0.9414960953315848,0.9414960953315848,38,6.714321311563253,stop
lightnav,r2r,289,0,0.0,0.5200875560632578,0.0,57,10.248906299471855,stop
lightnav,r2r,1583,0,0.0,0.7517041334493794,0.0,55,6.724475063383579,stop
lightnav,r2r,1785,1,1.0,0.9231827384721487,0.9231827384721487,44,9.058811321854591,stop
lightnav,r2r,726,1,0.9335336757569149,0.9043708476458612,0.9043708476458612,44,8.662571787834167,stop
lightnav,r2r,802,0,0.0,0.7698074655427147,0.0,48,9.228743344545364,stop
lightnav,r2r,949,1,0.8156182974283128,0.8181935606411419,0.8181935606411419,50,8.66372925043106,stop
lightnav,r2r,1618,0,0.0,0.7476067701826085,0.0,54,10.83847575262189,stop
lightnav,r2r,1629,1,0.8981666119339619,0.9530993169066864,0.9530993169066864,41,7.561972394585609,stop
lightnav,r2r,256,1,0.8525874010083914,0.8891314707316953,0.8891314707316953,34,5.825833722949028,stop
lightnav,r2r,1231,1,0.9327001777961783,0.8179618538709559,0.8179618538709559,55,10.511499173939228,stop
lightnav,r2r,913,1,0.8629388468247797,0.9327376662072048,0.9327376662072048,62,13.750000819563866,stop
lightnav,r2r,401,1,1.0,0.9377805080158255,0.9377805080158255,30,5.497750073671341,stop
lightnav,r2r,1582,0,0.0,0.827532639592822,0.0,38,5.758357383310795,stop
lightnav,r2r,1328,1,1.0,0.9277296187806748,0.9277296187806748,48,8.993423387408257,stop
lightnav,r2r,1325,1,0.9822945548849031,0.7238034632342822,0.7238034632342822,39,7.960529565811157,stop
lightnav,r2r,314,1,0.9926153922984561,0.8986728880989883,0.8986728880989883,48,10.250001013278961,stop
lightnav,r2r,1603,0,0.0,0.5931344056798445,0.0,72,11.981819309294224,stop
lightnav,r2r,1002,1,0.9232691165652214,0.9230913704215898,0.9230913704215898,46,9.01392750442028,stop
lightnav,r2r,464,1,1.0,0.8800465912376341,0.8800465912376341,33,5.491503551602364,stop
lightnav,r2r,1075,0,0.0,0.5700439083906256,0.0,38,6.500009208917618,stop
lightnav,r2r,680,1,1.0,0.9553066130032597,0.9553066130032597,41,9.159555852413177,stop
lightnav,r2r,1474,0,0.0,0.014401362038561795,0.0,128,20.778205960989,stop
lightnav,r2r,919,1,0.9893318636238874,0.7140451416816426,0.7140451416816426,51,9.316763490438461,stop
lightnav,r2r,1779,0,0.0,0.38633925830764215,0.0,30,5.756233714520931,stop
lightnav,r2r,785,1,0.7845285557324341,0.7427087848157807,0.7427087848157807,52,9.794560685753822,stop
lightnav,r2r,693,0,0.0,0.8493914824939732,0.0,55,10.038311392068863,stop
lightnav,r2r,1472,1,1.0,0.9406666061592374,0.9406666061592374,50,10.135730534791946,stop
lightnav,r2r,1605,1,1.0,0.9069432191069862,0.9069432191069862,51,7.100007764995098,stop
lightnav,r2r,1555,1,0.9122959233363714,0.7544052177188427,0.7544052177188427,86,16.770539715886116,stop
lightnav,r2r,614,1,1.0,0.9239148179491019,0.9239148179491019,43,7.05137512087822,stop
lightnav,r2r,518,1,1.0,0.935645162466246,0.935645162466246,51,9.523006051778793,stop
lightnav,r2r,444,0,0.0,0.13854894090749728,0.0,117,15.39573435485363,stop
lightnav,r2r,1614,0,0.0,0.8418974039853452,0.0,50,8.965723410248756,stop
lightnav,r2r,402,1,1.0,0.9576866842660086,0.9576866842660086,29,5.262412637472153,stop
lightnav,r2r,1584,1,1.0,0.4811370677600134,0.4811370677600134,43,6.60220081359148,stop
lightnav,r2r,569,0,0.0,0.9164086114415139,0.0,53,8.880009174346924,stop
lightnav,r2r,1578,0,0.0,0.5761264584426143,0.0,413,0.47072234004735947,stop
lightnav,r2r,1295,0,0.0,0.5282302392523202,0.0,499,3.1055175960063934,stop
lightnav,r2r,189,0,0.0,0.3688675439427127,0.0,64,9.425400845706463,stop
lightnav,r2r,552,0,0.0,0.2796477653921598,0.0,93,19.069590225815773,stop
lightnav,r2r,1090,1,1.0,0.8889825464910847,0.8889825464910847,28,4.4905701875686646,stop
lightnav,r2r,34,1,1.0,0.8928730882560859,0.8928730882560859,35,6.503826811909676,stop
lightnav,r2r,204,0,0.0,0.43126744992064214,0.0,70,9.777446612715721,stop
lightnav,r2r,1136,0,0.0,0.7845063202484988,0.0,61,10.724480256438255,stop
lightnav,r2r,290,0,0.0,0.6018526975636325,0.0,62,9.050997853279114,stop
lightnav,r2r,1483,1,1.0,0.9485650453402433,0.9485650453402433,39,6.885989956557751,stop
lightnav,r2r,1346,1,0.23505949982855043,0.0009531066010677972,0.0009531066010677972,244,46.79189093410969,stop
lightnav,rxr,1936,1,0.8855637397744253,0.9363698284720202,0.9363698284720202,25,4.276336416602135,stop
lightnav,rxr,10574,1,1.0,0.9202770619958393,0.9202770619958393,21,2.1868240535259247,stop
lightnav,rxr,9489,0,0.0,0.6298703753420736,0.0,30,5.6062183529138565,stop
lightnav,rxr,2437,1,0.6843689071243081,0.8746195370960501,0.8746195370960501,102,16.587800294160843,stop
lightnav,rxr,1158,0,0.0,0.4187768602099044,0.0,177,6.1490798108279705,stop
lightnav,rxr,6529,1,0.7381574575763187,0.843871196701842,0.843871196701842,24,3.225635290145874,stop
lightnav,rxr,4179,0,0.0,0.3445602613195133,0.0,53,6.499999389052391,stop
lightnav,rxr,2682,1,0.8582180882033987,0.8644342882977271,0.8644342882977271,148,27.110262483358383,stop
lightnav,rxr,2836,1,0.9261298377603748,0.9743698117411771,0.9743698117411771,36,5.551507294178009,stop
lightnav,rxr,10139,1,0.9961520962123371,0.96147965073462,0.96147965073462,52,8.501576736569405,stop
lightnav,rxr,9036,1,0.8465230295518513,0.8110311677253419,0.8110311677253419,61,10.069373190402985,stop
lightnav,rxr,10469,1,0.5146480381307048,0.9376505537416047,0.9376505537416047,172,32.986998587846756,stop
lightnav,rxr,1563,0,0.0,0.7803180926751142,0.0,147,24.210017882287502,stop
lightnav,rxr,9488,1,0.8956800375407573,0.9467043316794695,0.9467043316794695,22,4.359148725867271,stop
lightnav,rxr,7796,0,0.0,0.1844621402687352,0.0,162,31.59538322687149,stop
lightnav,rxr,2183,1,0.9753038672767879,0.9669722010512464,0.9669722010512464,38,7.157324254512787,stop
lightnav,rxr,3852,1,0.8869690270236062,0.8678740811132448,0.8678740811132448,116,21.37126523256302,stop
lightnav,rxr,6321,1,1.0,0.9268256002918737,0.9268256002918737,36,6.741343021392822,stop
lightnav,rxr,1622,1,0.9568425025747236,0.8038869674481672,0.8038869674481672,131,22.330976620316505,stop
lightnav,rxr,7211,1,0.9029426003648748,0.9549677757323881,0.9549677757323881,95,17.699282068759203,stop
lightnav,rxr,2845,1,0.9940659267388267,0.9312235115171326,0.9312235115171326,75,12.921389684081078,stop
lightnav,rxr,7612,0,0.0,0.6928729067923172,0.0,103,17.73671291768551,stop
lightnav,rxr,2885,1,0.9407348527596794,0.9353367021736813,0.9353367021736813,99,17.711980344727635,stop
lightnav,rxr,6147,1,0.9485551909939628,0.9624509635825268,0.9624509635825268,28,3.722626283764839,stop
lightnav,rxr,2693,1,0.9635671894046193,0.9355825083828554,0.9355825083828554,76,11.829289700835943,stop
lightnav,rxr,1124,0,0.0,0.004584350575271473,0.0,189,34.3479909747839,stop
lightnav,rxr,2184,1,0.9712074806115191,0.9646047361835484,0.9646047361835484,40,7.187512621283531,stop
lightnav,rxr,5898,1,0.4848718674833673,0.5429002792448407,0.5429002792448407,16,2.1911434680223465,stop
lightnav,rxr,8632,1,0.9682648350270537,0.9533697457004252,0.9533697457004252,121,18.449681386351585,stop
lightnav,rxr,10353,1,0.9245498206761884,0.9431135802458395,0.9431135802458395,65,11.313373923301697,stop
lightnav,rxr,3154,1,1.0,0.9698568108778287,0.9698568108778287,52,6.553995653986931,stop
lightnav,rxr,9064,1,1.0,0.9675287158896305,0.9675287158896305,29,5.201231211423874,stop
lightnav,rxr,2984,1,0.7525180700198746,0.8401105788855309,0.8401105788855309,36,5.772872135043144,stop
lightnav,rxr,9540,0,0.0,0.3994214281249607,0.0,113,10.980063006281853,stop
lightnav,rxr,667,1,0.9594016121046294,0.9613400602738261,0.9613400602738261,82,14.498310327529907,stop
lightnav,rxr,852,0,0.0,0.8443630947701666,0.0,40,4.942993864417076,stop
lightnav,rxr,5193,0,0.0,0.023893445109770126,0.0,236,39.3017231374979,stop
lightnav,rxr,1153,0,0.0,0.4367333609368474,0.0,41,1.1375204250216484,stop
lightnav,rxr,1024,0,0.0,0.06493929236249507,0.0,125,23.00484947860241,stop
lightnav,rxr,8156,0,0.0,0.7985468345319421,0.0,114,16.265452101826668,stop
lightnav,rxr,5081,0,0.0,0.6536539273581577,0.0,45,5.777256399393082,stop
lightnav,rxr,10687,1,0.9653384072654846,0.9526525463305127,0.9526525463305127,64,11.26407365500927,stop
lightnav,rxr,4536,1,0.8823970559436305,0.936082051786544,0.936082051786544,22,4.080005586147308,stop
lightnav,rxr,3125,1,0.9610169515448957,0.9477534806992938,0.9477534806992938,83,15.423856928944588,stop
lightnav,rxr,10776,1,0.9567594137038177,0.5420519191064072,0.5420519191064072,20,3.526123136281967,stop
lightnav,rxr,2291,1,1.0,0.9650023065550487,0.9650023065550487,29,4.61547327041626,stop
lightnav,rxr,7733,1,0.6859401052895403,0.9592750712084804,0.9592750712084804,47,5.7202678471803665,stop
lightnav,rxr,6022,1,0.9335183437988338,0.9348547790010833,0.9348547790010833,127,23.885763257741928,stop
lightnav,rxr,2182,1,0.9656725143634756,0.9422318002933594,0.9422318002933594,46,7.228709444403648,stop
lightnav,rxr,1520,1,0.7116274533922762,0.7647140403192214,0.7647140403192214,76,13.05737492442131,stop
lightnav,mp3d,b874dd5d292a56893f8f1f2d,0,0.0,,,500,11.705465514062737,max_steps
lightnav,mp3d,65a833e1eff761c105ee9341,0,0.0,,,500,0.36086822800051305,max_steps
lightnav,mp3d,8b5487caf55f1e522fa7541d,1,0.846160245275114,,,54,6.8487583641787975,stop
lightnav,mp3d,bb16cafc25611c30552523a2,1,0.39713900231458577,,,239,23.399159466882637,stop
lightnav,mp3d,59bbfbfd8f513f58e77cbca4,0,0.0,,,500,3.0205966180876618,max_steps
lightnav,mp3d,213e6efdbb79f89c90754602,0,0.0,,,100,9.852927049522023,stop
lightnav,mp3d,12db647d1a7e541b314450e7,0,0.0,,,500,10.611473512995811,max_steps
lightnav,mp3d,c09ded3a8d5419e660039b64,0,0.0,,,500,0.25000171625740086,max_steps
lightnav,mp3d,350e40ac74cb834f8516ed03,0,0.0,,,500,5.848836961396994,max_steps
lightnav,mp3d,b1a28e8929f8f07b4cba53ba,1,0.3245260514855056,,,497,32.03306882445795,stop
lightnav,mp3d,4e1b1981621cd500e1652491,0,0.0,,,500,43.5630814578001,max_steps
lightnav,mp3d,b9b473c0438f6af91aab29dc,0,0.0,,,500,16.867450366027285,max_steps
lightnav,mp3d,a31411f9e9b786354e28f764,0,0.0,,,500,18.60106407962168,max_steps
lightnav,mp3d,7c494537c81616782cf9312f,0,0.0,,,500,7.7500017396143575,max_steps
lightnav,mp3d,40f0bca4cbf1e04140b31aaa,0,0.0,,,500,10.734898518010558,max_steps
lightnav,mp3d,7cfc1789e75a6f70c5bcfad2,0,0.0,,,500,7.26635896218799,max_steps
lightnav,mp3d,a5762bd0e406a176ac6ed585,0,0.0,,,500,0.2510750017598146,max_steps
lightnav,mp3d,1a62b46a8bddcdc5ff0391a9,1,0.39130279954627206,,,244,30.50175739839784,stop
lightnav,mp3d,8d5674cfe54e2cb210fe4c5e,0,0.0,,,500,19.48025492168058,max_steps
lightnav,mp3d,d85d14e6f78f570f4ef30dc1,0,0.0,,,500,16.266159050806014,max_steps
lightnav,mp3d,33c5aeeec866328f56f08494,0,0.0,,,500,1.6161083250074122,max_steps
lightnav,mp3d,18447f371a9fa6fc03de1150,0,0.0,,,65,2.7420022188817086,stop
lightnav,mp3d,17204bef602c7448c9eec902,0,0.0,,,500,14.933861886086207,max_steps
lightnav,mp3d,1b545dc184e221cf8b35dcf9,0,0.0,,,500,4.909877356362482,max_steps
lightnav,mp3d,77ecaea6266939d3f1f48db7,1,0.29172793887378873,,,135,13.619004144322453,stop
lightnav,mp3d,de3709d692cb32900a375891,0,0.0,,,500,17.887554901645597,max_steps
lightnav,mp3d,bb690d28e8f3171705eedf5e,0,0.0,,,500,1.815190457081314,max_steps
lightnav,mp3d,d36aa8471f1c762b245ce64c,0,0.0,,,500,2.092014857017053,max_steps
lightnav,mp3d,99ac6a3c3d6a2dea570be0f9,0,0.0,,,500,5.102035317535073,max_steps
lightnav,mp3d,f68dce3d6af12e65bbb880b5,0,0.0,,,500,20.87955543045023,max_steps
lightnav,mp3d,549c51dc0f03c599ad1f9ef8,0,0.0,,,500,50.761032536800535,max_steps
lightnav,mp3d,1a6973823a6286dde0652423,1,0.6243155337977111,,,413,7.006271554712189,stop
lightnav,mp3d,cea90bf52bd39b7d144a1856,0,0.0,,,442,16.599611617140205,stop
lightnav,mp3d,a663b6f8fd76e030e9c93101,0,0.0,,,56,5.215564538481708,stop
lightnav,mp3d,cb995b75746b57d93358623d,0,0.0,,,500,2.2726433577403156,max_steps
lightnav,mp3d,b0fbc943f9b4b683b5923537,0,0.0,,,500,4.145533517509492,max_steps
lightnav,mp3d,82bab0c34ef7e4466c33febc,1,0.6181866034588758,,,100,10.108613790451477,stop
lightnav,mp3d,b6defdd548e1dac72ffa3a48,0,0.0,,,99,13.502088216568481,stop
lightnav,mp3d,752a407317bb31624789056a,0,0.0,,,500,0.25000390060176103,max_steps
lightnav,mp3d,5fdd5735e025699ecc13e443,0,0.0,,,500,29.21808218631354,max_steps
lightnav,mp3d,6c1e86f2b5c0caf337ac1dea,0,0.0,,,500,2.4615335883407083,max_steps
lightnav,mp3d,b92a2d71689d902339a28c0b,0,0.0,,,500,7.815621288781689,max_steps
lightnav,mp3d,0530875b1b73c400a563c9ba,0,0.0,,,195,4.470348358154297e-06,stop
lightnav,mp3d,b5489479db6a32f20c87b1ff,0,0.0,,,500,10.587375462384145,max_steps
lightnav,mp3d,925b72a27d4814afcf0034a3,1,0.0847668544137234,,,259,46.450108074016995,stop
lightnav,mp3d,b416d788c32f18ea8b3d14cd,0,0.0,,,500,1.2500021918322557,max_steps
lightnav,mp3d,1169adbfb45309a3c5d655cb,1,0.23752117226232825,,,231,11.400143267049213,stop
lightnav,mp3d,d8a0c9925a83233ff66c8a05,1,0.38054977505885285,,,457,9.76513587053824,stop
lightnav,mp3d,696a69051baecc961533b48e,0,0.0,,,500,28.495020791546438,max_steps
lightnav,mp3d,d8e848c88cc11f9266095a76,0,0.0,,,500,4.843193168841967,max_steps
lightnav,hm3d,26991104ba488fcf94ed0e2f,1,0.6437401368032687,,,145,21.72610058787093,stop
lightnav,hm3d,e5eeab093f20749531e10cfd,1,0.689700022944221,,,49,5.9359227609102225,stop
lightnav,hm3d,1c79f4249a55a31ca930f2b0,1,0.7677965550196715,,,64,6.506587123550188,stop
lightnav,hm3d,9de789f9f275910a6bcd96aa,0,0.0,,,500,26.44203794766231,max_steps
lightnav,hm3d,dd7aa17effe4a51d6f41c21d,1,0.3806650781985083,,,172,27.681685270574867,stop
lightnav,hm3d,53b9750a6b34df161eba8893,1,0.8521775304847263,,,12,2.3785472049138674,stop
lightnav,hm3d,7d2027f3e9e6c7dc65c9e82b,0,0.0,,,498,1.9738985894928258,stop
lightnav,hm3d,c4ceff16d4cdde6779c260e9,1,0.7157256341854038,,,123,16.5644639619107,stop
lightnav,hm3d,045e3ce284d073e77e42bf05,1,0.5207116774582262,,,385,6.010799219410393,stop
lightnav,hm3d,49177509d92628e1870c25c8,1,0.4887674433963588,,,39,6.3000056807547296,stop
lightnav,hm3d,dafdb95266c2c55311c27ef0,1,0.3665609707941017,,,77,12.250005100641529,stop
lightnav,hm3d,07b72e5c58de579a52417664,1,0.1973695280662564,,,374,14.87693481964256,stop
lightnav,hm3d,040a7e59cd62205f9ab7eb46,0,0.0,,,500,14.214886831451574,max_steps
lightnav,hm3d,9aaea20f755d0f05d8661429,1,0.6486106410414704,,,149,13.094227843306367,stop
lightnav,hm3d,70ecf06bfa45e4396a520946,1,0.5983668445133641,,,64,7.286310727502426,stop
lightnav,hm3d,ed6f0f0e011888329e7a27ef,1,0.8282151920899075,,,61,8.762063164666717,stop
lightnav,hm3d,aac56f17bd388b5189907673,1,0.7380304306684529,,,477,14.512279539896799,stop
lightnav,hm3d,0e4475d4dd71a7789f162ea3,0,0.0,,,500,9.999561494790646,max_steps
lightnav,hm3d,82a91384f4cd0950418995ed,1,0.7463922718213309,,,53,4.369994742989119,stop
lightnav,hm3d,fc003722f4da63e574a4ba25,1,0.21850388429744244,,,70,13.130324915566929,stop
lightnav,hm3d,52e30fa02b660f8931f04bad,1,0.6186401813380407,,,81,7.1187850641576444,stop
lightnav,hm3d,869e9dd3566a14d1c7ed6d3f,0,0.0,,,500,23.965818772266545,max_steps
lightnav,hm3d,a6603a577e336ff37fbc8c88,0,0.0,,,500,1.9559675569157535,max_steps
lightnav,hm3d,ca986d7a6cce0d70f312e95d,0,0.0,,,500,7.409561232240149,max_steps
lightnav,hm3d,62cf692bffe9eeff98835c05,0,0.0,,,500,4.96276967571778,max_steps
lightnav,hm3d,1ec2233d0129cf3be0e78ff3,1,0.22026862614322165,,,207,23.500005386021268,stop
lightnav,hm3d,8010a606898ef1db89a42896,1,0.14290968488563072,,,160,27.423695043310378,stop
lightnav,hm3d,a356eef974fd2e7582db6166,1,0.5992367000811011,,,324,3.7840667224937152,stop
lightnav,hm3d,dd86a3f2ccb8e4d40797a328,1,0.2741474572440138,,,96,10.91471609252351,stop
lightnav,hm3d,cab188dc535a45de8d5ebd19,0,0.0,,,500,14.308662816621263,max_steps
lightnav,hm3d,aa9bf4d38ca08237f6c2d679,0,0.0,,,500,28.000710137186367,max_steps
lightnav,hm3d,ba396b8a2e1f707a37a58e83,0,0.0,,,500,4.706992637080591,max_steps
lightnav,hm3d,0638422c73f686ffa72ab5fa,1,0.3816247063155074,,,83,13.511542050444444,stop
lightnav,hm3d,2634f4ada3dd7f7e1f96d9e2,1,0.7425475149473747,,,59,6.380103321675918,stop
lightnav,hm3d,083de1a97fc102f2f2094c63,1,0.5942006992024309,,,150,11.120954624531317,stop
lightnav,hm3d,80e1ccbe1d71f9dececa8662,0,0.0,,,55,7.98305383950682,stop
lightnav,hm3d,6b19a3f98ba0313c7bb299f8,0,0.0,,,500,4.165624371734472,max_steps
lightnav,hm3d,d8345ac3e9e03a0aa4013d54,1,0.7373808119118109,,,54,5.703698911535249,stop
lightnav,hm3d,d137661edc40d54ac09c2a2d,1,0.7433068249872335,,,71,6.247374338497947,stop
lightnav,hm3d,f20284815275e144b59298d4,0,0.0,,,500,10.14902910474736,max_steps
lightnav,hm3d,3fa2439ddc4a934d81bec5f9,1,0.3436739490777982,,,400,19.491977823325445,stop
lightnav,hm3d,981cdfad49d515c0d45f672b,1,0.6547596210749874,,,77,5.045142009989107,stop
lightnav,hm3d,d3862628202d6451c79b325a,0,0.0,,,500,3.0908609797013997,max_steps
lightnav,hm3d,71a3a289c4e099d9749b692b,0,0.0,,,500,1.5447556284313815,max_steps
lightnav,hm3d,5439c8e611af8b115778bac8,1,0.5426292683769505,,,357,7.788139361300656,stop
lightnav,hm3d,5c1f6f14cce965e3603e9c19,1,0.6964293239613821,,,50,8.02535686757926,stop
lightnav,hm3d,24d5989605fcae318f33aa35,1,0.8236221151366645,,,58,9.258445929186552,stop
lightnav,hm3d,2d8427402e89e193accfd072,0,0.0,,,500,49.966139203472125,max_steps
lightnav,hm3d,ad833a3dce01bcc19f8b11b1,1,0.5848461458244129,,,61,4.063725439141768,stop
lightnav,hm3d,495359401732f5630cfed38c,1,0.7717714653284717,,,50,6.000000980887134,stop
uninavid,r2r,1639,0,0.0,0.27640284508986473,0.0,500,3.7318471670150757,max_steps
uninavid,r2r,1746,0,0.0,0.5130605534678969,0.0,500,4.025295302271843,max_steps
uninavid,r2r,1482,0,0.0,0.772212863737665,0.0,56,9.964874308556318,stop
uninavid,r2r,289,0,0.0,0.662802847348776,0.0,500,4.021077871322632,max_steps
uninavid,r2r,1583,0,0.0,0.6355470687620005,0.0,61,3.464941628277302,stop
uninavid,r2r,1785,1,1.0,0.9277769460042626,0.9277769460042626,39,8.805401384830475,stop
uninavid,r2r,726,1,0.9501232755666924,0.9532372698443015,0.9532372698443015,41,8.51131920516491,stop
uninavid,r2r,802,0,0.0,0.8197051953516067,0.0,49,9.500001072883606,stop
uninavid,r2r,949,0,0.0,0.35761231511805724,0.0,500,7.022328168153763,max_steps
uninavid,r2r,1618,0,0.0,0.25245088429275037,0.0,281,20.534040216356516,stop
uninavid,r2r,1629,1,0.9066910649491899,0.9137808250381144,0.9137808250381144,55,7.490876868367195,stop
uninavid,r2r,256,1,0.5978349838124454,0.6371304628959059,0.6371304628959059,136,8.30836696922779,stop
uninavid,r2r,1231,0,0.0,0.24488307024781342,0.0,500,0.3037310913205147,max_steps
uninavid,r2r,913,1,1.0,0.9702677557316823,0.9702677557316823,53,11.764179036021233,stop
uninavid,r2r,401,1,1.0,0.8870983944634238,0.8870983944634238,27,4.292690724134445,stop
uninavid,r2r,1582,0,0.0,0.5625872564957032,0.0,39,4.750000067055225,stop
uninavid,r2r,1328,0,0.0,0.07303683137667326,0.0,500,21.74999091029167,max_steps
uninavid,r2r,1325,0,0.0,0.5012525534421124,0.0,500,1.7500006407499313,max_steps
uninavid,r2r,314,0,0.0,0.6094982034645072,0.0,85,6.374530270695686,stop
uninavid,r2r,1603,0,0.0,0.4141852487711817,0.0,500,12.45124551653862,max_steps
uninavid,r2r,1002,0,0.0,0.6227987921959297,0.0,500,17.01245404779911,max_steps
uninavid,r2r,464,1,0.989279462620255,0.869492841781797,0.869492841781797,39,5.670449942350388,stop
uninavid,r2r,1075,0,0.0,0.565048767557168,0.0,500,4.249999225139618,max_steps
uninavid,r2r,680,0,0.0,0.7768734166607619,0.0,500,14.549639880657196,max_steps
uninavid,r2r,1474,0,0.0,0.09456161797542956,0.0,51,8.597100168466568,stop
uninavid,r2r,919,0,0.0,0.33369934673253054,0.0,68,7.300572641193867,stop
uninavid,r2r,1779,0,0.0,0.4013942548984535,0.0,44,7.406414866447449,stop
uninavid,r2r,785,0,0.0,0.5577691444430576,0.0,500,3.438127174973488,max_steps
uninavid,r2r,693,0,0.0,0.4928927200057616,0.0,187,11.957534273155034,stop
uninavid,r2r,1472,1,0.787511086970002,0.7935350014537615,0.7935350014537615,80,13.173239395022392,stop
uninavid,r2r,1605,0,0.0,0.9099994161724597,0.0,500,6.204453110694885,max_steps
uninavid,r2r,1555,1,0.9593286944603595,0.9153661353395153,0.9153661353395153,78,15.948334604501724,stop
uninavid,r2r,614,1,1.0,0.9055022331519156,0.9055022331519156,44,6.373874917626381,stop
uninavid,r2r,518,0,0.0,0.771933697968865,0.0,500,10.50726929306984,max_steps
uninavid,r2r,444,0,0.0,0.19733184605689155,0.0,500,7.988514840602875,max_steps
uninavid,r2r,1614,0,0.0,0.4443743089459923,0.0,500,4.2500009983778,max_steps
uninavid,r2r,402,1,1.0,0.8977632914083952,0.8977632914083952,37,4.792690843343735,stop
uninavid,r2r,1584,0,0.0,0.5700369913850503,0.0,35,4.748435489833355,stop
uninavid,r2r,569,0,0.0,0.45111332324690434,0.0,500,3.5670315772295,max_steps
uninavid,r2r,1578,0,0.0,0.580277859712766,0.0,60,1.9765456020832062,stop
uninavid,r2r,1295,0,0.0,0.7571403009758252,0.0,500,5.5098448395729065,max_steps
uninavid,r2r,189,1,0.7790089737062154,0.8394333709366998,0.8394333709366998,65,11.205312758684158,stop
uninavid,r2r,552,0,0.0,0.1590227502160344,0.0,500,3.5000000596046448,max_steps
uninavid,r2r,1090,1,0.9089159249709409,0.8793066822602326,0.8793066822602326,33,5.5981737077236176,stop
uninavid,r2r,34,0,0.0,0.44797212212020315,0.0,391,26.04572755098343,stop
uninavid,r2r,204,0,0.0,0.4104370021747626,0.0,219,3.018468454480171,stop
uninavid,r2r,1136,1,1.0,0.8598208847415879,0.8598208847415879,48,9.995705410838127,stop
uninavid,r2r,290,0,0.0,0.6024939882981016,0.0,500,5.558387205004692,max_steps
uninavid,r2r,1483,1,1.0,0.939588456504916,0.939588456504916,34,5.961099319159985,stop
uninavid,r2r,1346,0,0.0,0.8486226345330024,0.0,500,10.500001221895218,max_steps
uninavid,rxr,1936,1,0.9551555491449014,0.9609875189465976,0.9609875189465976,20,3.9647662341594696,stop
uninavid,rxr,10574,1,0.89134690666815,0.9337150036829746,0.9337150036829746,23,2.50002521276474,stop
uninavid,rxr,9489,0,0.0,0.7678894748425842,0.0,25,4.118850141763687,stop
uninavid,rxr,2437,1,0.7204977761959891,0.9232799596226805,0.9232799596226805,89,15.756016373634338,stop
uninavid,rxr,1158,0,0.0,0.16844400658096684,0.0,500,23.21374513208866,max_steps
uninavid,rxr,6529,1,0.5952567904333366,0.7622476376547385,0.7622476376547385,27,3.999999299645424,stop
uninavid,rxr,4179,1,0.3253561655680339,0.9022499331169564,0.9022499331169564,71,11.25,stop
uninavid,rxr,2682,0,0.0,0.1199179534003731,0.0,500,56.78234323859215,max_steps
uninavid,rxr,2836,1,0.8185030206669421,0.8250076615737033,0.8250076615737033,46,6.2814875692129135,stop
uninavid,rxr,10139,0,0.0,0.19434552452553955,0.0,74,11.489928662776947,stop
uninavid,rxr,9036,0,0.0,0.3966552610006828,0.0,500,15.272519066929817,max_steps
uninavid,rxr,10469,0,0.0,0.39520511663394026,0.0,500,8.511994108557701,max_steps
uninavid,rxr,1563,0,0.0,0.45963131847295696,0.0,500,12.089290018659085,max_steps
uninavid,rxr,9488,1,1.0,0.7945499988865355,0.7945499988865355,23,3.368850201368332,stop
uninavid,rxr,7796,0,0.0,0.1343102341102821,0.0,500,57.458460710942745,max_steps
uninavid,rxr,2183,0,0.0,0.6120009257819322,0.0,66,2.542236976325512,stop
uninavid,rxr,3852,0,0.0,0.1107108594354961,0.0,244,4.2346992045640945,stop
uninavid,rxr,6321,0,0.0,0.47773244079626026,0.0,114,9.260798066854477,stop
uninavid,rxr,1622,0,0.0,0.6855246537964311,0.0,123,24.118869304656982,stop
uninavid,rxr,7211,0,0.0,0.8742914666137184,0.0,108,18.721519231796265,stop
uninavid,rxr,2845,0,0.0,0.2710982166973809,0.0,113,11.750111386179924,stop
uninavid,rxr,7612,0,0.0,0.5576658843340054,0.0,500,30.949326366186142,max_steps
uninavid,rxr,2885,0,0.0,0.2806465280228486,0.0,500,8.536342397332191,max_steps
uninavid,rxr,6147,1,0.7794384066685599,0.9300944404208341,0.9300944404208341,31,4.53033421933651,stop
uninavid,rxr,2693,1,0.5387087617736137,0.5749164572382112,0.5749164572382112,207,21.15858556330204,stop
uninavid,rxr,1124,0,0.0,0.42136192231148184,0.0,500,16.906538993120193,max_steps
uninavid,rxr,2184,0,0.0,0.8137762771329234,0.0,70,6.150299832224846,stop
uninavid,rxr,5898,1,0.42496937812469787,0.538050816621889,0.538050816621889,16,2.5000008940696716,stop
uninavid,rxr,8632,0,0.0,0.44128730634476254,0.0,120,22.185347571969032,stop
uninavid,rxr,10353,0,0.0,0.27186910405176395,0.0,500,8.158290073275566,max_steps
uninavid,rxr,3154,0,0.0,0.4093852825988702,0.0,62,10.670544400811195,stop
uninavid,rxr,9064,1,1.0,0.9165165035122824,0.9165165035122824,29,5.126138612627983,stop
uninavid,rxr,2984,1,0.8457007073986563,0.8957823004890447,0.8957823004890447,76,5.136794328689575,stop
uninavid,rxr,9540,0,0.0,0.3843603230506106,0.0,255,12.51887665130198,stop
uninavid,rxr,667,0,0.0,0.6046912473987053,0.0,500,19.673730298876762,max_steps
uninavid,rxr,852,0,0.0,0.5166272826860322,0.0,500,9.800943300127983,max_steps
uninavid,rxr,5193,0,0.0,0.05427387265729184,0.0,500,34.86542731523514,max_steps
uninavid,rxr,1153,0,0.0,0.6295706158447483,0.0,45,5.230107977986336,stop
uninavid,rxr,1024,0,0.0,0.05171803732161221,0.0,495,24.46818344295025,stop
uninavid,rxr,8156,0,0.0,0.7698304589535483,0.0,102,16.714361235499382,stop
uninavid,rxr,5081,0,0.0,0.0678396361535118,0.0,451,17.8668677425012,stop
uninavid,rxr,10687,1,0.8895619362514552,0.8584315880815414,0.8584315880815414,67,12.223592847585678,stop
uninavid,rxr,4536,1,0.5667226113840771,0.6691286849572846,0.6691286849572846,31,6.352640330791473,stop
uninavid,rxr,3125,0,0.0,0.8612116771346792,0.0,129,11.973055511713028,stop
uninavid,rxr,10776,1,0.6790859230653286,0.5441655666531166,0.5441655666531166,63,4.967930257320404,stop
uninavid,rxr,2291,1,0.899695005778828,0.884442071531598,0.884442071531598,34,5.314230963587761,stop
uninavid,rxr,7733,0,0.0,0.25359490260514145,0.0,94,13.268337190151215,stop
uninavid,rxr,6022,1,0.9053001119037718,0.9504280055212249,0.9504280055212249,133,24.63028322160244,stop
uninavid,rxr,2182,0,0.0,0.5022660661769331,0.0,98,9.136054836213589,stop
uninavid,rxr,1520,0,0.0,0.7450303175986879,0.0,500,11.296633020043373,max_steps
uninavid,mp3d,b874dd5d292a56893f8f1f2d,0,0.0,,,500,2.745673606064628,max_steps
uninavid,mp3d,65a833e1eff761c105ee9341,0,0.0,,,500,0.36086572700125574,max_steps
uninavid,mp3d,8b5487caf55f1e522fa7541d,1,0.7513301182300118,,,40,7.713183498092433,stop
uninavid,mp3d,bb16cafc25611c30552523a2,0,0.0,,,61,5.824266817690304,stop
uninavid,mp3d,59bbfbfd8f513f58e77cbca4,0,0.0,,,161,24.540642614240607,stop
uninavid,mp3d,213e6efdbb79f89c90754602,0,0.0,,,23,5.002457863983973,stop
uninavid,mp3d,12db647d1a7e541b314450e7,0,0.0,,,9,2.0000303547569493,stop
uninavid,mp3d,c09ded3a8d5419e660039b64,0,0.0,,,15,2.500002687907805,stop
uninavid,mp3d,350e40ac74cb834f8516ed03,0,0.0,,,500,2.0484182064001266,max_steps
uninavid,mp3d,b1a28e8929f8f07b4cba53ba,0,0.0,,,500,10.675482593410974,max_steps
uninavid,mp3d,4e1b1981621cd500e1652491,0,0.0,,,21,4.2499814791676105,stop
uninavid,mp3d,b9b473c0438f6af91aab29dc,0,0.0,,,500,7.97501144816963,max_steps
uninavid,mp3d,a31411f9e9b786354e28f764,0,0.0,,,500,6.242202259376359,max_steps
uninavid,mp3d,7c494537c81616782cf9312f,0,0.0,,,151,13.190455213175714,stop
uninavid,mp3d,40f0bca4cbf1e04140b31aaa,0,0.0,,,500,10.850460419692423,max_steps
uninavid,mp3d,7cfc1789e75a6f70c5bcfad2,0,0.0,,,500,8.577493701370216,max_steps
uninavid,mp3d,a5762bd0e406a176ac6ed585,0,0.0,,,500,3.813168936257111,max_steps
uninavid,mp3d,1a62b46a8bddcdc5ff0391a9,0,0.0,,,500,5.056380705274885,max_steps
uninavid,mp3d,8d5674cfe54e2cb210fe4c5e,0,0.0,,,500,67.37589792657367,max_steps
uninavid,mp3d,d85d14e6f78f570f4ef30dc1,0,0.0,,,500,83.29081795860483,max_steps
uninavid,mp3d,33c5aeeec866328f56f08494,0,0.0,,,500,0.5271174861087277,max_steps
uninavid,mp3d,18447f371a9fa6fc03de1150,0,0.0,,,500,0.956225066754761,max_steps
uninavid,mp3d,17204bef602c7448c9eec902,1,0.5664478283614591,,,29,4.250002855772992,stop
uninavid,mp3d,1b545dc184e221cf8b35dcf9,0,0.0,,,500,0.3386869740953579,max_steps
uninavid,mp3d,77ecaea6266939d3f1f48db7,0,0.0,,,500,1.0676946869784767,max_steps
uninavid,mp3d,de3709d692cb32900a375891,0,0.0,,,500,14.63699314995097,max_steps
uninavid,mp3d,bb690d28e8f3171705eedf5e,0,0.0,,,500,13.066219031534581,max_steps
uninavid,mp3d,d36aa8471f1c762b245ce64c,0,0.0,,,1,0.0,stop
uninavid,mp3d,99ac6a3c3d6a2dea570be0f9,0,0.0,,,34,4.102019807981696,stop
uninavid,mp3d,f68dce3d6af12e65bbb880b5,0,0.0,,,500,6.816183567799514,max_steps
uninavid,mp3d,549c51dc0f03c599ad1f9ef8,0,0.0,,,500,0.2627479157542283,max_steps
uninavid,mp3d,1a6973823a6286dde0652423,0,0.0,,,7,0.5000045140324367,stop
uninavid,mp3d,cea90bf52bd39b7d144a1856,0,0.0,,,33,7.499994978340201,stop
uninavid,mp3d,a663b6f8fd76e030e9c93101,0,0.0,,,500,0.4520762367020172,max_steps
uninavid,mp3d,cb995b75746b57d93358623d,0,0.0,,,500,0.3398179857151449,max_steps
uninavid,mp3d,b0fbc943f9b4b683b5923537,1,0.9756605807038788,,,41,7.999997603601088,stop
uninavid,mp3d,82bab0c34ef7e4466c33febc,0,0.0,,,106,11.460344083486339,stop
uninavid,mp3d,b6defdd548e1dac72ffa3a48,0,0.0,,,500,30.871442794992312,max_steps
uninavid,mp3d,752a407317bb31624789056a,0,0.0,,,101,21.273084960263184,stop
uninavid,mp3d,5fdd5735e025699ecc13e443,0,0.0,,,500,0.4440118330309346,max_steps
uninavid,mp3d,6c1e86f2b5c0caf337ac1dea,0,0.0,,,78,8.60593029708668,stop
uninavid,mp3d,b92a2d71689d902339a28c0b,0,0.0,,,500,0.8274447067856701,max_steps
uninavid,mp3d,0530875b1b73c400a563c9ba,0,0.0,,,1,0.0,stop
uninavid,mp3d,b5489479db6a32f20c87b1ff,0,0.0,,,67,0.10178165102872559,stop
uninavid,mp3d,925b72a27d4814afcf0034a3,1,0.43749205944204966,,,43,9.000002269041861,stop
uninavid,mp3d,b416d788c32f18ea8b3d14cd,0,0.0,,,500,1.175769165367265,max_steps
uninavid,mp3d,1169adbfb45309a3c5d655cb,0,0.0,,,500,8.677526991204845,max_steps
uninavid,mp3d,d8a0c9925a83233ff66c8a05,0,0.0,,,21,4.2500011639185455,stop
uninavid,mp3d,696a69051baecc961533b48e,0,0.0,,,500,19.751881834047065,max_steps
uninavid,mp3d,d8e848c88cc11f9266095a76,0,0.0,,,500,0.7789018022029602,max_steps
uninavid,hm3d,26991104ba488fcf94ed0e2f,0,0.0,,,500,57.06774816230449,max_steps
uninavid,hm3d,e5eeab093f20749531e10cfd,0,0.0,,,500,0.2788397394734259,max_steps
uninavid,hm3d,1c79f4249a55a31ca930f2b0,0,0.0,,,500,0.8533742432889063,max_steps
uninavid,hm3d,9de789f9f275910a6bcd96aa,0,0.0,,,66,4.606580017048702,stop
uninavid,hm3d,dd7aa17effe4a51d6f41c21d,0,0.0,,,500,0.9495956460309503,max_steps
uninavid,hm3d,53b9750a6b34df161eba8893,1,0.900863358421485,,,11,2.250002137900756,stop
uninavid,hm3d,7d2027f3e9e6c7dc65c9e82b,0,0.0,,,3,0.10000144317746162,stop
uninavid,hm3d,c4ceff16d4cdde6779c260e9,0,0.0,,,500,13.40235119564167,max_steps
uninavid,hm3d,045e3ce284d073e77e42bf05,0,0.0,,,500,0.8787075072244683,max_steps
uninavid,hm3d,49177509d92628e1870c25c8,1,0.9331006701599557,,,19,3.300005817587507,stop
uninavid,hm3d,dafdb95266c2c55311c27ef0,0,0.0,,,35,5.25001073551834,stop
uninavid,hm3d,07b72e5c58de579a52417664,0,0.0,,,35,0.20267861946771243,stop
uninavid,hm3d,040a7e59cd62205f9ab7eb46,0,0.0,,,500,2.619018735860246,max_steps
uninavid,hm3d,9aaea20f755d0f05d8661429,1,0.5851722480268902,,,79,14.513770006706732,stop
uninavid,hm3d,70ecf06bfa45e4396a520946,0,0.0,,,500,2.323542471788181,max_steps
uninavid,hm3d,ed6f0f0e011888329e7a27ef,0,0.0,,,500,1.0872166786384865,max_steps
uninavid,hm3d,aac56f17bd388b5189907673,0,0.0,,,500,5.080723965928621,max_steps
uninavid,hm3d,0e4475d4dd71a7789f162ea3,1,0.32584187148247284,,,109,16.931851453825107,stop
uninavid,hm3d,82a91384f4cd0950418995ed,0,0.0,,,500,1.933443062477835,max_steps
uninavid,hm3d,fc003722f4da63e574a4ba25,1,0.21571622126230575,,,79,13.30000606561574,stop
uninavid,hm3d,52e30fa02b660f8931f04bad,0,0.0,,,500,3.627940460176449,max_steps
uninavid,hm3d,869e9dd3566a14d1c7ed6d3f,0,0.0,,,500,5.209149229737314,max_steps
uninavid,hm3d,a6603a577e336ff37fbc8c88,0,0.0,,,500,2.233290161245246,max_steps
uninavid,hm3d,ca986d7a6cce0d70f312e95d,0,0.0,,,500,3.2263023168588085,max_steps
uninavid,hm3d,62cf692bffe9eeff98835c05,0,0.0,,,500,15.998259151570966,max_steps
uninavid,hm3d,1ec2233d0129cf3be0e78ff3,1,0.8944612956202436,,,65,5.787074263018491,stop
uninavid,hm3d,8010a606898ef1db89a42896,0,0.0,,,500,5.468466687011028,max_steps
uninavid,hm3d,a356eef974fd2e7582db6166,1,0.9070198431394179,,,15,2.500002315185742,stop
uninavid,hm3d,dd86a3f2ccb8e4d40797a328,0,0.0,,,500,1.8066626333914648,max_steps
uninavid,hm3d,cab188dc535a45de8d5ebd19,0,0.0,,,500,10.112375205317186,max_steps
uninavid,hm3d,aa9bf4d38ca08237f6c2d679,0,0.0,,,500,3.834231669022896,max_steps
uninavid,hm3d,ba396b8a2e1f707a37a58e83,0,0.0,,,500,2.2454372221573657,max_steps
uninavid,hm3d,0638422c73f686ffa72ab5fa,1,0.7896568313960446,,,41,6.529846873093811,stop
uninavid,hm3d,2634f4ada3dd7f7e1f96d9e2,0,0.0,,,500,4.981101767649578,max_steps
uninavid,hm3d,083de1a97fc102f2f2094c63,0,0.0,,,500,4.266182463199112,max_steps
uninavid,hm3d,80e1ccbe1d71f9dececa8662,1,0.4650254305753856,,,105,15.24271776969757,stop
uninavid,hm3d,6b19a3f98ba0313c7bb299f8,0,0.0,,,500,0.4256466876326803,max_steps
uninavid,hm3d,d8345ac3e9e03a0aa4013d54,1,0.5722168533494407,,,51,7.350007627244907,stop
uninavid,hm3d,d137661edc40d54ac09c2a2d,1,0.9455672622714373,,,28,4.911037180754801,stop
uninavid,hm3d,f20284815275e144b59298d4,0,0.0,,,500,2.9813232515617356,max_steps
uninavid,hm3d,3fa2439ddc4a934d81bec5f9,1,0.49476304237787655,,,87,13.539582446867367,stop
uninavid,hm3d,981cdfad49d515c0d45f672b,0,0.0,,,500,2.145072540301482,max_steps
uninavid,hm3d,d3862628202d6451c79b325a,0,0.0,,,500,4.974740890045138,max_steps
uninavid,hm3d,71a3a289c4e099d9749b692b,1,0.8588560418432758,,,129,17.084056387162995,stop
uninavid,hm3d,5439c8e611af8b115778bac8,0,0.0,,,500,5.339915703466389,max_steps
uninavid,hm3d,5c1f6f14cce965e3603e9c19,1,0.4284499389033346,,,77,13.04491687640761,stop
uninavid,hm3d,24d5989605fcae318f33aa35,1,0.9242980292389691,,,47,8.25000226399563,stop
uninavid,hm3d,2d8427402e89e193accfd072,0,0.0,,,500,9.882414991345385,max_steps
uninavid,hm3d,ad833a3dce01bcc19f8b11b1,0,0.0,,,3,0.30832386285990765,stop
uninavid,hm3d,495359401732f5630cfed38c,0,0.0,,,500,3.6324167815791526,max_steps
omninav,r2r,1639,1,1.0,0.9178160780141627,0.9178160780141627,65,13.440192863345146,stop
omninav,r2r,1746,1,0.9947200891998145,0.5537735105233429,0.5537735105233429,36,6.290120646357536,stop
omninav,r2r,1482,1,1.0,0.8849949782737458,0.8849949782737458,46,6.972465772181749,stop
omninav,r2r,289,0,0.0,0.5284599261154234,0.0,57,10.082663804292679,stop
omninav,r2r,1583,0,0.0,0.5297799156477314,0.0,61,9.891040496528149,stop
omninav,r2r,1785,1,1.0,0.919863241529936,0.919863241529936,38,8.555394887924194,stop
omninav,r2r,726,1,0.9407843124970576,0.9485887364587051,0.9485887364587051,36,8.595809236168861,stop
omninav,r2r,802,0,0.0,0.19925123963965397,0.0,99,21.08224606513977,stop
omninav,r2r,949,1,1.0,0.8731904265502135,0.8731904265502135,39,6.865082278847694,stop
omninav,r2r,1618,0,0.0,0.6722191654879325,0.0,61,13.843206774443388,stop
omninav,r2r,1629,1,0.9100920213826982,0.9209491911140673,0.9209491911140673,39,7.462883934378624,stop
omninav,r2r,256,1,1.0,0.9217624618342553,0.9217624618342553,24,4.408568501472473,stop
omninav,r2r,1231,0,0.0,0.8344380390162162,0.0,58,11.674811489880085,stop
omninav,r2r,913,1,0.9887840842695376,0.9674089311043673,0.9674089311043673,53,12.000000849366188,stop
omninav,r2r,401,1,0.9187981589955236,0.9360411022919749,0.9360411022919749,34,6.255328759551048,stop
omninav,r2r,1582,0,0.0,0.7840947133002313,0.0,40,4.80040267854929,stop
omninav,r2r,1328,0,0.0,0.004101265556016619,0.0,83,18.981493279337883,stop
omninav,r2r,1325,0,0.0,0.8152894025567178,0.0,44,7.657447263598442,stop
omninav,r2r,314,1,1.0,0.8756933156955068,0.8756933156955068,44,9.138446301221848,stop
omninav,r2r,1603,0,0.0,0.3490270993709632,0.0,119,15.357431013137102,stop
omninav,r2r,1002,0,0.0,0.00898696546130862,0.0,88,15.763395488262177,stop
omninav,r2r,464,1,0.8241586381917347,0.9179861692282795,0.9179861692282795,36,6.806529000401497,stop
omninav,r2r,1075,0,0.0,0.6453983191716721,0.0,44,7.86725440621376,stop
omninav,r2r,680,0,0.0,0.6051626119334832,0.0,61,13.372785821557045,stop
omninav,r2r,1474,1,0.5381512340117685,0.6869131920708013,0.6869131920708013,70,13.500002086162567,stop
omninav,r2r,919,1,1.0,0.8032637216318192,0.8032637216318192,40,7.9260423220694065,stop
omninav,r2r,1779,0,0.0,0.4186343359719863,0.0,30,5.599063612520695,stop
omninav,r2r,785,1,1.0,0.9388202873943509,0.9388202873943509,46,7.643430083990097,stop
omninav,r2r,693,0,0.0,0.7704120169922708,0.0,51,10.41437415778637,stop
omninav,r2r,1472,1,0.936317135235083,0.8753222603950969,0.8753222603950969,207,11.079656330635771,stop
omninav,r2r,1605,0,0.0,0.6990654128763891,0.0,53,10.32271659374237,stop
omninav,r2r,1555,1,0.9607221875838171,0.9107330665270427,0.9107330665270427,76,15.925202116370201,stop
omninav,r2r,614,1,1.0,0.8968690480704891,0.8968690480704891,44,7.0114331394433975,stop
omninav,r2r,518,1,1.0,0.9651148128017375,0.9651148128017375,47,9.499443769454956,stop
omninav,r2r,444,0,0.0,0.2240656202814429,0.0,47,8.974186778068542,stop
omninav,r2r,1614,1,0.9310068417202225,0.9337050528329801,0.9337050528329801,43,8.40652610361576,stop
omninav,r2r,402,0,0.0,0.4597091383660373,0.0,53,10.446385532617569,stop
omninav,r2r,1584,0,0.0,0.45192976397511725,0.0,61,10.280570171773434,stop
omninav,r2r,569,0,0.0,0.9072851007028854,0.0,74,9.237633422017097,stop
omninav,r2r,1578,0,0.0,0.23696559518208785,0.0,101,9.530027754604816,stop
omninav,r2r,1295,1,1.0,0.9510328723598925,0.9510328723598925,40,7.670728430151939,stop
omninav,r2r,189,0,0.0,0.38990826207483675,0.0,26,3.180279850959778,stop
omninav,r2r,552,1,1.0,0.9279545163290157,0.9279545163290157,77,16.985183879733086,stop
omninav,r2r,1090,1,1.0,0.9456849131653857,0.9456849131653857,30,4.732259809970856,stop
omninav,r2r,34,1,1.0,0.9080450867699138,0.9080450867699138,30,6.212309196591377,stop
omninav,r2r,204,0,0.0,0.4370120513596587,0.0,56,9.248669903725386,stop
omninav,r2r,1136,1,1.0,0.8662117412341995,0.8662117412341995,45,9.749998196959496,stop
omninav,r2r,290,1,1.0,0.9036286126182975,0.9036286126182975,34,5.190061882138252,stop
omninav,r2r,1483,1,1.0,0.6059694463775923,0.6059694463775923,33,6.306601949036121,stop
omninav,r2r,1346,1,1.0,0.8601142687656349,0.8601142687656349,48,10.43091632425785,stop
omninav,rxr,1936,1,1.0,0.9631777221279633,0.9631777221279633,30,3.711518809199333,stop
omninav,rxr,10574,1,1.0,0.9269151758730931,0.9269151758730931,14,1.7500246167182922,stop
omninav,rxr,9489,1,0.9544906450706171,0.9552216491701794,0.9552216491701794,23,4.0905613005161285,stop
omninav,rxr,2437,1,0.7329602612361529,0.9242761093051746,0.9242761093051746,90,15.488117650151253,stop
omninav,rxr,1158,1,0.3454174226628467,0.30049483517008274,0.30049483517008274,170,26.301651507616043,stop
omninav,rxr,6529,1,0.6802175265733013,0.8574494238942321,0.8574494238942321,23,3.5003901720046997,stop
omninav,rxr,4179,1,0.3485959742970803,0.8390392691180851,0.8390392691180851,73,10.49999751150608,stop
omninav,rxr,2682,0,0.0,0.00024921701699656077,0.0,200,33.42303772829473,stop
omninav,rxr,2836,1,0.48290939067322847,0.4974128375121396,0.4974128375121396,79,10.646752059459686,stop
omninav,rxr,10139,1,0.9409848334739355,0.9084376892037973,0.9084376892037973,52,8.999999985098839,stop
omninav,rxr,9036,1,0.8813571700224627,0.9243813546228037,0.9243813546228037,63,9.671398371458054,stop
omninav,rxr,10469,0,0.0,0.8777120005356732,0.0,181,31.81459340453148,stop
omninav,rxr,1563,0,0.0,0.7270411129423603,0.0,134,23.374558120965958,stop
omninav,rxr,9488,1,0.4826931257989066,0.3999036171295544,0.3999036171295544,45,8.088788270950317,stop
omninav,rxr,7796,1,0.6299093622039234,0.1511346403755277,0.1511346403755277,240,38.00764276087284,stop
omninav,rxr,2183,1,1.0,0.8606865559374628,0.8606865559374628,37,5.663225322961807,stop
omninav,rxr,3852,1,0.8900405091620024,0.8784371823965912,0.8784371823965912,126,21.297514140605927,stop
omninav,rxr,6321,1,1.0,0.9529880055914232,0.9529880055914232,44,8.273189410567284,stop
omninav,rxr,1622,1,0.9671210368201215,0.9092956461462122,0.9092956461462122,106,22.09364365041256,stop
omninav,rxr,7211,0,0.0,0.6828779931080297,0.0,84,14.82315218448639,stop
omninav,rxr,2845,1,1.0,0.9434918729506054,0.9434918729506054,75,12.500000655651093,stop
omninav,rxr,7612,1,1.0,0.9181230934317139,0.9181230934317139,77,12.49999788403511,stop
omninav,rxr,2885,0,0.0,0.6734468689271312,0.0,60,11.03317104279995,stop
omninav,rxr,6147,1,0.9336955376353084,0.9462901297074253,0.9462901297074253,28,3.7818714380264282,stop
omninav,rxr,2693,0,0.0,0.291957343970575,0.0,83,6.205097299069166,stop
omninav,rxr,1124,0,0.0,0.21741032657219314,0.0,283,35.18457443115767,stop
omninav,rxr,2184,1,0.39018840665694154,0.2225232743419232,0.2225232743419232,111,17.89024457335472,stop
omninav,rxr,5898,1,0.38633582341598127,0.461449699855904,0.461449699855904,19,2.7500008046627045,stop
omninav,rxr,8632,1,0.9540390950334467,0.9538244138359038,0.9538244138359038,112,18.724785804748535,stop
omninav,rxr,10353,1,0.9173280586911969,0.8593273733291562,0.8593273733291562,55,11.402439653873444,stop
omninav,rxr,3154,1,0.8192504297293198,0.9109979101039792,0.9109979101039792,47,8.025445997714996,stop
omninav,rxr,9064,1,1.0,0.9819948520442104,0.9819948520442104,30,4.9570037722587585,stop
omninav,rxr,2984,1,0.914566458800588,0.957490995184938,0.957490995184938,28,4.749999910593033,stop
omninav,rxr,9540,0,0.0,0.23411041276589276,0.0,190,33.82422962971032,stop
omninav,rxr,667,1,0.9482625247073099,0.9296449639670306,0.9296449639670306,94,14.668619647622108,stop
omninav,rxr,852,1,0.7149831239826989,0.9040635278614391,0.9040635278614391,43,4.960511654615402,stop
omninav,rxr,5193,0,0.0,0.13194253004131049,0.0,317,50.373959347605705,stop
omninav,rxr,1153,1,1.0,0.8479034028441006,0.8479034028441006,66,8.749510139226913,stop
omninav,rxr,1024,0,0.0,0.0013787980234819363,0.0,200,26.130011066794395,stop
omninav,rxr,8156,1,0.7999838770221481,0.8673777771653884,0.8673777771653884,133,20.4577706605196,stop
omninav,rxr,5081,1,0.9609256996069505,0.9017056808639974,0.9017056808639974,28,5.699208348989487,stop
omninav,rxr,10687,1,0.9347654167025885,0.9171769228236675,0.9171769228236675,72,11.63248310983181,stop
omninav,rxr,4536,1,0.5882176330099652,0.6892909718151334,0.6892909718151334,29,6.1204981207847595,stop
omninav,rxr,3125,0,0.0,0.9030745967553031,0.0,77,12.073216035962105,stop
omninav,rxr,10776,1,0.21595933959667465,0.5877666204973926,0.5877666204973926,100,15.621697634458542,stop
omninav,rxr,2291,1,0.618343323809024,0.6690939862166093,0.6690939862166093,54,7.732253059744835,stop
omninav,rxr,7733,0,0.0,0.5328525082593691,0.0,83,10.735334351658821,stop
omninav,rxr,6022,0,0.0,0.00024328822305777956,0.0,500,77.65599417686462,max_steps
omninav,rxr,2182,0,0.0,0.30919806628304913,0.0,74,11.408149972558022,stop
omninav,rxr,1520,1,0.713905808291288,0.9517129759189006,0.9517129759189006,80,13.015703693032265,stop
omninav,mp3d,b874dd5d292a56893f8f1f2d,0,0.0,,,500,0.8512370355100017,max_steps
omninav,mp3d,65a833e1eff761c105ee9341,0,0.0,,,251,5.937530353728008,stop
omninav,mp3d,8b5487caf55f1e522fa7541d,0,0.0,,,59,6.350408397678306,stop
omninav,mp3d,bb16cafc25611c30552523a2,0,0.0,,,254,5.25431911016036,stop
omninav,mp3d,59bbfbfd8f513f58e77cbca4,0,0.0,,,500,3.1646378319750155,max_steps
omninav,mp3d,213e6efdbb79f89c90754602,0,0.0,,,199,13.224068879264125,stop
omninav,mp3d,12db647d1a7e541b314450e7,0,0.0,,,288,5.229710592685292,stop
omninav,mp3d,c09ded3a8d5419e660039b64,0,0.0,,,50,7.561571330076568,stop
omninav,mp3d,350e40ac74cb834f8516ed03,0,0.0,,,500,1.3127052844555334,max_steps
omninav,mp3d,b1a28e8929f8f07b4cba53ba,0,0.0,,,50,0.30074472218229326,stop
omninav,mp3d,4e1b1981621cd500e1652491,0,0.0,,,51,6.362129824055349,stop
omninav,mp3d,b9b473c0438f6af91aab29dc,0,0.0,,,500,9.177378802187901,max_steps
omninav,mp3d,a31411f9e9b786354e28f764,0,0.0,,,443,8.038612696717378,stop
omninav,mp3d,7c494537c81616782cf9312f,0,0.0,,,500,5.451059077053477,max_steps
omninav,mp3d,40f0bca4cbf1e04140b31aaa,0,0.0,,,77,0.66180281075288,stop
omninav,mp3d,7cfc1789e75a6f70c5bcfad2,0,0.0,,,38,6.010786008029532,stop
omninav,mp3d,a5762bd0e406a176ac6ed585,0,0.0,,,206,4.379953784829146,stop
omninav,mp3d,1a62b46a8bddcdc5ff0391a9,0,0.0,,,120,6.1099130906041355,stop
omninav,mp3d,8d5674cfe54e2cb210fe4c5e,0,0.0,,,126,2.105113631634453,stop
omninav,mp3d,d85d14e6f78f570f4ef30dc1,0,0.0,,,500,16.750026427042176,max_steps
omninav,mp3d,33c5aeeec866328f56f08494,0,0.0,,,29,3.5000050207382873,stop
omninav,mp3d,18447f371a9fa6fc03de1150,0,0.0,,,12,2.4995132018891777,stop
omninav,mp3d,17204bef602c7448c9eec902,1,0.9259566286945878,,,101,2.599911092126217,stop
omninav,mp3d,1b545dc184e221cf8b35dcf9,0,0.0,,,500,6.049642361916689,max_steps
omninav,mp3d,77ecaea6266939d3f1f48db7,0,0.0,,,500,1.6809137914869166,max_steps
omninav,mp3d,de3709d692cb32900a375891,0,0.0,,,500,3.1267090638850843,max_steps
omninav,mp3d,bb690d28e8f3171705eedf5e,0,0.0,,,500,4.357030831543055,max_steps
omninav,mp3d,d36aa8471f1c762b245ce64c,0,0.0,,,103,4.603145521074863,stop
omninav,mp3d,99ac6a3c3d6a2dea570be0f9,0,0.0,,,15,2.227710108181027,stop
omninav,mp3d,f68dce3d6af12e65bbb880b5,0,0.0,,,269,10.729817829639012,stop
omninav,mp3d,549c51dc0f03c599ad1f9ef8,0,0.0,,,500,0.18035909754443769,max_steps
omninav,mp3d,1a6973823a6286dde0652423,0,0.0,,,44,4.3789857011062825,stop
omninav,mp3d,cea90bf52bd39b7d144a1856,0,0.0,,,142,9.095348881795026,stop
omninav,mp3d,a663b6f8fd76e030e9c93101,0,0.0,,,37,4.61070753478656,stop
omninav,mp3d,cb995b75746b57d93358623d,0,0.0,,,107,2.66187500662946,stop
omninav,mp3d,b0fbc943f9b4b683b5923537,0,0.0,,,500,14.587313368192008,max_steps
omninav,mp3d,82bab0c34ef7e4466c33febc,0,0.0,,,122,5.443478284339249,stop
omninav,mp3d,b6defdd548e1dac72ffa3a48,0,0.0,,,212,9.06879267235271,stop
omninav,mp3d,752a407317bb31624789056a,0,0.0,,,237,18.218546211968526,stop
omninav,mp3d,5fdd5735e025699ecc13e443,0,0.0,,,230,8.240240319010939,stop
omninav,mp3d,6c1e86f2b5c0caf337ac1dea,0,0.0,,,103,10.165605711348359,stop
omninav,mp3d,b92a2d71689d902339a28c0b,0,0.0,,,500,0.43077991744963273,max_steps
omninav,mp3d,0530875b1b73c400a563c9ba,0,0.0,,,10,1.4999997425363278,stop
omninav,mp3d,b5489479db6a32f20c87b1ff,0,0.0,,,115,1.2673466010715182,stop
omninav,mp3d,925b72a27d4814afcf0034a3,0,0.0,,,82,5.420182490214407,stop
omninav,mp3d,b416d788c32f18ea8b3d14cd,0,0.0,,,500,1.189883999287826,max_steps
omninav,mp3d,1169adbfb45309a3c5d655cb,1,0.5562454519410225,,,25,4.867950664983021,stop
omninav,mp3d,d8a0c9925a83233ff66c8a05,0,0.0,,,12,1.0000012282667843,stop
omninav,mp3d,696a69051baecc961533b48e,0,0.0,,,65,8.817999698908116,stop
omninav,mp3d,d8e848c88cc11f9266095a76,0,0.0,,,500,2.4077135082927903,max_steps
omninav,hm3d,26991104ba488fcf94ed0e2f,0,0.0,,,500,0.651081409760436,max_steps
omninav,hm3d,e5eeab093f20749531e10cfd,0,0.0,,,500,0.2788397096711035,max_steps
omninav,hm3d,1c79f4249a55a31ca930f2b0,0,0.0,,,500,0.8481182538665824,max_steps
omninav,hm3d,9de789f9f275910a6bcd96aa,0,0.0,,,500,2.4406500065327177,max_steps
omninav,hm3d,dd7aa17effe4a51d6f41c21d,0,0.0,,,500,0.6653768077534661,max_steps
omninav,hm3d,53b9750a6b34df161eba8893,1,0.5917135840599351,,,279,3.4255500022794285,stop
omninav,hm3d,7d2027f3e9e6c7dc65c9e82b,0,0.0,,,500,6.7362848322440305,max_steps
omninav,hm3d,c4ceff16d4cdde6779c260e9,0,0.0,,,99,4.9368013941452435,stop
omninav,hm3d,045e3ce284d073e77e42bf05,0,0.0,,,196,1.999059915072196,stop
omninav,hm3d,49177509d92628e1870c25c8,0,0.0,,,203,3.899136563032431,stop
omninav,hm3d,dafdb95266c2c55311c27ef0,0,0.0,,,124,6.0854082392405555,stop
omninav,hm3d,07b72e5c58de579a52417664,0,0.0,,,46,0.41066733484408646,stop
omninav,hm3d,040a7e59cd62205f9ab7eb46,0,0.0,,,22,4.1625611757667365,stop
omninav,hm3d,9aaea20f755d0f05d8661429,0,0.0,,,500,5.759507224906579,max_steps
omninav,hm3d,70ecf06bfa45e4396a520946,0,0.0,,,500,0.874037212969825,max_steps
omninav,hm3d,ed6f0f0e011888329e7a27ef,0,0.0,,,500,5.497590493403115,max_steps
omninav,hm3d,aac56f17bd388b5189907673,0,0.0,,,203,7.484429952292667,stop
omninav,hm3d,0e4475d4dd71a7789f162ea3,0,0.0,,,229,4.352334633328445,stop
omninav,hm3d,82a91384f4cd0950418995ed,0,0.0,,,500,5.928422241740501,max_steps
omninav,hm3d,fc003722f4da63e574a4ba25,0,0.0,,,81,3.730206257721861,stop
omninav,hm3d,52e30fa02b660f8931f04bad,0,0.0,,,500,1.194927494530225,max_steps
omninav,hm3d,869e9dd3566a14d1c7ed6d3f,0,0.0,,,500,8.570269740772238,max_steps
omninav,hm3d,a6603a577e336ff37fbc8c88,0,0.0,,,142,2.286673572503366,stop
omninav,hm3d,ca986d7a6cce0d70f312e95d,0,0.0,,,25,5.691233251624526,stop
omninav,hm3d,62cf692bffe9eeff98835c05,1,0.2945479800133437,,,44,7.365147468590586,stop
omninav,hm3d,1ec2233d0129cf3be0e78ff3,0,0.0,,,500,16.4584936326747,max_steps
omninav,hm3d,8010a606898ef1db89a42896,0,0.0,,,500,3.326265607902487,max_steps
omninav,hm3d,a356eef974fd2e7582db6166,0,0.0,,,500,3.7317344469269327,max_steps
omninav,hm3d,dd86a3f2ccb8e4d40797a328,0,0.0,,,500,1.0216126277394917,max_steps
omninav,hm3d,cab188dc535a45de8d5ebd19,0,0.0,,,62,1.469375087915122,stop
omninav,hm3d,aa9bf4d38ca08237f6c2d679,0,0.0,,,70,1.9000943630461815,stop
omninav,hm3d,ba396b8a2e1f707a37a58e83,0,0.0,,,500,1.222641282024106,max_steps
omninav,hm3d,0638422c73f686ffa72ab5fa,0,0.0,,,119,9.894937499370362,stop
omninav,hm3d,2634f4ada3dd7f7e1f96d9e2,0,0.0,,,500,1.061857496056359,max_steps
omninav,hm3d,083de1a97fc102f2f2094c63,0,0.0,,,500,4.450586551489627,max_steps
omninav,hm3d,80e1ccbe1d71f9dececa8662,0,0.0,,,500,5.877982931050174,max_steps
omninav,hm3d,6b19a3f98ba0313c7bb299f8,0,0.0,,,129,4.324909650830398,stop
omninav,hm3d,d8345ac3e9e03a0aa4013d54,0,0.0,,,500,2.9640698574088264,max_steps
omninav,hm3d,d137661edc40d54ac09c2a2d,0,0.0,,,500,3.0181835436542697,max_steps
omninav,hm3d,f20284815275e144b59298d4,0,0.0,,,500,5.880592968459282,max_steps
omninav,hm3d,3fa2439ddc4a934d81bec5f9,0,0.0,,,500,2.335681640084808,max_steps
omninav,hm3d,981cdfad49d515c0d45f672b,0,0.0,,,500,3.5280154706948075,max_steps
omninav,hm3d,d3862628202d6451c79b325a,0,0.0,,,500,4.190042260000702,max_steps
omninav,hm3d,71a3a289c4e099d9749b692b,0,0.0,,,424,6.544073285014171,stop
omninav,hm3d,5439c8e611af8b115778bac8,0,0.0,,,220,4.919286548069787,stop
omninav,hm3d,5c1f6f14cce965e3603e9c19,0,0.0,,,500,7.065367304530445,max_steps
omninav,hm3d,24d5989605fcae318f33aa35,0,0.0,,,500,0.15503736434449153,max_steps
omninav,hm3d,2d8427402e89e193accfd072,1,0.5626469573296111,,,177,8.053699965417477,stop
omninav,hm3d,ad833a3dce01bcc19f8b11b1,0,0.0,,,500,15.467194881261193,max_steps
omninav,hm3d,495359401732f5630cfed38c,0,0.0,,,500,7.867098573197733,max_steps
