case_id,group,task,seed,max_env_steps,pi05_only_success,pi05_only_steps,pi05_skill_success,pi05_skill_steps,direct_success,direct_steps
formal/atomic_seen/CoffeeSetupMug/00,atomic_seen,CoffeeSetupMug,4254792632,600,False,600,False,600,False,600
formal/atomic_seen/CoffeeSetupMug/01,atomic_seen,CoffeeSetupMug,399196647,600,True,339,False,600,False,600
formal/atomic_seen/CoffeeSetupMug/02,atomic_seen,CoffeeSetupMug,2327339110,600,True,278,False,600,False,600
formal/atomic_seen/CoffeeSetupMug/03,atomic_seen,CoffeeSetupMug,3254212111,600,True,426,False,600,False,600
formal/atomic_seen/CoffeeSetupMug/04,atomic_seen,CoffeeSetupMug,1700499629,600,False,600,False,600,False,600
formal/atomic_seen/OpenDrawer/00,atomic_seen,OpenDrawer,2795577397,750,True,231,True,229,True,333
formal/atomic_seen/OpenDrawer/01,atomic_seen,OpenDrawer,1217842010,750,False,750,False,750,False,750
formal/atomic_seen/OpenDrawer/02,atomic_seen,OpenDrawer,1646340904,750,True,420,True,249,True,514
formal/atomic_seen/OpenDrawer/03,atomic_seen,OpenDrawer,926665808,750,True,260,True,266,False,750
formal/atomic_seen/OpenDrawer/04,atomic_seen,OpenDrawer,413085957,750,False,750,False,750,False,750
formal/atomic_seen/OpenStandMixerHead/00,atomic_seen,OpenStandMixerHead,3341221172,450,False,450,False,450,False,450
formal/atomic_seen/OpenStandMixerHead/01,atomic_seen,OpenStandMixerHead,3335747271,450,False,450,False,450,False,450
formal/atomic_seen/OpenStandMixerHead/02,atomic_seen,OpenStandMixerHead,2492008729,450,True,141,True,144,False,450
formal/atomic_seen/OpenStandMixerHead/03,atomic_seen,OpenStandMixerHead,3067161721,450,False,450,True,397,False,450
formal/atomic_seen/OpenStandMixerHead/04,atomic_seen,OpenStandMixerHead,2305955014,450,False,450,False,450,False,450
formal/atomic_seen/PickPlaceDrawerToCounter/00,atomic_seen,PickPlaceDrawerToCounter,4143027651,750,False,750,True,565,False,750
formal/atomic_seen/PickPlaceDrawerToCounter/01,atomic_seen,PickPlaceDrawerToCounter,3827280722,750,False,750,False,750,False,750
formal/atomic_seen/PickPlaceDrawerToCounter/02,atomic_seen,PickPlaceDrawerToCounter,3704656338,750,False,750,False,750,False,750
formal/atomic_seen/PickPlaceDrawerToCounter/03,atomic_seen,PickPlaceDrawerToCounter,2125679057,750,True,420,True,420,False,750
formal/atomic_seen/PickPlaceDrawerToCounter/04,atomic_seen,PickPlaceDrawerToCounter,2979709371,750,True,411,True,469,False,750
formal/atomic_seen/PickPlaceSinkToCounter/00,atomic_seen,PickPlaceSinkToCounter,4260344239,900,False,900,True,511,True,749
formal/atomic_seen/PickPlaceSinkToCounter/01,atomic_seen,PickPlaceSinkToCounter,380412839,900,True,262,True,262,True,485
formal/atomic_seen/PickPlaceSinkToCounter/02,atomic_seen,PickPlaceSinkToCounter,546007462,900,True,394,True,323,True,534
formal/atomic_seen/PickPlaceSinkToCounter/03,atomic_seen,PickPlaceSinkToCounter,4148333310,900,True,302,True,303,True,571
formal/atomic_seen/PickPlaceSinkToCounter/04,atomic_seen,PickPlaceSinkToCounter,857934769,900,True,237,True,230,True,385
formal/composite_seen/DeliverStraw/00,composite_seen,DeliverStraw,2668174633,2550,False,2550,False,2550,False,2550
formal/composite_seen/DeliverStraw/01,composite_seen,DeliverStraw,3344945551,2550,False,2550,False,2550,False,2550
formal/composite_seen/DeliverStraw/02,composite_seen,DeliverStraw,1441750348,2550,False,2550,True,1631,False,2550
formal/composite_seen/DeliverStraw/03,composite_seen,DeliverStraw,3428545686,2550,False,2550,False,2550,True,2113
formal/composite_seen/DeliverStraw/04,composite_seen,DeliverStraw,1066146519,2550,False,2550,False,2550,False,2550
formal/composite_seen/KettleBoiling/00,composite_seen,KettleBoiling,3548981804,1500,False,1500,True,1443,False,1500
formal/composite_seen/KettleBoiling/01,composite_seen,KettleBoiling,670411190,1500,False,1500,True,1398,False,1500
formal/composite_seen/KettleBoiling/02,composite_seen,KettleBoiling,4193952699,1500,False,1500,False,1500,False,1500
formal/composite_seen/KettleBoiling/03,composite_seen,KettleBoiling,2825581101,1500,False,1500,True,956,True,911
formal/composite_seen/KettleBoiling/04,composite_seen,KettleBoiling,1266165588,1500,False,1500,False,1500,False,1500
formal/composite_seen/PackIdenticalLunches/00,composite_seen,PackIdenticalLunches,3043423496,3900,False,3900,False,3900,False,3900
formal/composite_seen/PackIdenticalLunches/01,composite_seen,PackIdenticalLunches,3195325166,3900,True,2378,True,2209,False,3900
formal/composite_seen/PackIdenticalLunches/02,composite_seen,PackIdenticalLunches,190934770,3900,False,3900,False,3900,False,3900
formal/composite_seen/PackIdenticalLunches/03,composite_seen,PackIdenticalLunches,3285540302,3900,False,3900,True,2734,True,3568
formal/composite_seen/PackIdenticalLunches/04,composite_seen,PackIdenticalLunches,1690501153,3900,False,3900,False,3900,False,3900
formal/composite_seen/SearingMeat/00,composite_seen,SearingMeat,2001615998,4350,False,4350,False,4350,False,4350
formal/composite_seen/SearingMeat/01,composite_seen,SearingMeat,2515645703,4350,False,4350,False,4350,True,1470
formal/composite_seen/SearingMeat/02,composite_seen,SearingMeat,3392550264,4350,False,4350,False,4350,False,4350
formal/composite_seen/SearingMeat/03,composite_seen,SearingMeat,4219373667,4350,False,4350,False,4350,False,4350
formal/composite_seen/SearingMeat/04,composite_seen,SearingMeat,3341204444,4350,False,4350,True,2868,False,4350
formal/composite_seen/WashLettuce/00,composite_seen,WashLettuce,3104012006,1650,True,1474,False,1650,False,1650
formal/composite_seen/WashLettuce/01,composite_seen,WashLettuce,2472292986,1650,False,1650,False,1650,False,1650
formal/composite_seen/WashLettuce/02,composite_seen,WashLettuce,932790471,1650,False,1650,False,1650,False,1650
formal/composite_seen/WashLettuce/03,composite_seen,WashLettuce,4231410976,1650,False,1650,False,1650,False,1650
formal/composite_seen/WashLettuce/04,composite_seen,WashLettuce,3996464945,1650,True,1148,False,1650,False,1650
formal/composite_unseen/BreadSelection/00,composite_unseen,BreadSelection,4252894969,1950,False,1950,False,1950,True,755
formal/composite_unseen/BreadSelection/01,composite_unseen,BreadSelection,1010458203,1950,False,1950,False,1950,True,1288
formal/composite_unseen/BreadSelection/02,composite_unseen,BreadSelection,4007977891,1950,False,1950,False,1950,True,1527
formal/composite_unseen/BreadSelection/03,composite_unseen,BreadSelection,1458979998,1950,False,1950,True,897,False,1950
formal/composite_unseen/BreadSelection/04,composite_unseen,BreadSelection,1525312454,1950,False,1950,True,905,True,945
formal/composite_unseen/GatherTableware/00,composite_unseen,GatherTableware,692628748,2250,False,2250,False,2250,False,2250
formal/composite_unseen/GatherTableware/01,composite_unseen,GatherTableware,1079402646,2250,False,2250,False,2250,False,2250
formal/composite_unseen/GatherTableware/02,composite_unseen,GatherTableware,1654322181,2250,False,2250,True,1826,False,2250
formal/composite_unseen/GatherTableware/03,composite_unseen,GatherTableware,4073582911,2250,False,2250,False,2250,False,2250
formal/composite_unseen/GatherTableware/04,composite_unseen,GatherTableware,2748263424,2250,False,2250,False,2250,False,2250
formal/composite_unseen/HeatKebabSandwich/00,composite_unseen,HeatKebabSandwich,1470342818,2700,False,2700,False,2700,False,2700
formal/composite_unseen/HeatKebabSandwich/01,composite_unseen,HeatKebabSandwich,3449857245,2700,False,2700,False,2700,False,2700
formal/composite_unseen/HeatKebabSandwich/02,composite_unseen,HeatKebabSandwich,622982323,2700,False,2700,False,2700,False,2700
formal/composite_unseen/HeatKebabSandwich/03,composite_unseen,HeatKebabSandwich,3068148053,2700,False,2700,True,2122,True,2579
formal/composite_unseen/HeatKebabSandwich/04,composite_unseen,HeatKebabSandwich,4073313752,2700,False,2700,False,2700,True,1455
formal/composite_unseen/MakeIceLemonade/00,composite_unseen,MakeIceLemonade,2936815252,3000,False,3000,True,1864,True,2732
formal/composite_unseen/MakeIceLemonade/01,composite_unseen,MakeIceLemonade,4079461014,3000,False,3000,False,3000,True,2985
formal/composite_unseen/MakeIceLemonade/02,composite_unseen,MakeIceLemonade,373648018,3000,False,3000,False,3000,False,3000
formal/composite_unseen/MakeIceLemonade/03,composite_unseen,MakeIceLemonade,1443408940,3000,False,3000,False,3000,False,3000
formal/composite_unseen/MakeIceLemonade/04,composite_unseen,MakeIceLemonade,3052344570,3000,False,3000,True,2148,True,2108
formal/composite_unseen/RecycleBottlesByType/00,composite_unseen,RecycleBottlesByType,2810939908,2850,False,2850,True,1988,True,1814
formal/composite_unseen/RecycleBottlesByType/01,composite_unseen,RecycleBottlesByType,1278654988,2850,False,2850,False,2850,True,1030
formal/composite_unseen/RecycleBottlesByType/02,composite_unseen,RecycleBottlesByType,3134233290,2850,False,2850,True,1413,True,718
formal/composite_unseen/RecycleBottlesByType/03,composite_unseen,RecycleBottlesByType,331431977,2850,True,737,False,2850,True,1937
formal/composite_unseen/RecycleBottlesByType/04,composite_unseen,RecycleBottlesByType,2226297723,2850,False,2850,True,1529,True,1159
