run_id,label,motion,status,attempt_complete,survival_s,survival_is_censored,effective_steps,family,protocol,skill_bundle_sha256,skill_saved_tokens_observed,skill_first_known_tokens,result_tokens_observed,result_observed_at_utc,result_token_semantics,excluded_post_termination_steps,native_terms,assistance,comparison_freeze_tokens,error_body_pos_g_first0_8s_mean,error_joint_pos_first0_8s_mean,error_body_lin_vel_first0_8s_mean,error_body_ang_vel_first0_8s_mean,error_ankle_pos_g_first0_8s_mean,error_body_pos_g_through_termination_mean
20260916-183816-620780_astra_session_v13-walk2-flat-support-10s,V13,walk2_subject3,failed,True,2.62,False,131,legacy / unspecified,legacy_short_packets,,53295648,53295648,61456721,2026-09-16T11:11:18.984493+00:00,first metrics observation at this step; not exact inference completion cost,369,body_pos,inverse_statics_diagnostic;model_selected_fixed_post_failure_hold;simulation_lookahead;simulation_state_diagnostic,,0.046149191225413236,0.1833727302029729,0.12423558374866843,0.5374092783778905,0.042415641737170516,0.15041385459152
20260916-191553-221554_astra_session_v14-unseen-walk1-subject2-10s,V14,walk1_subject2,failed,True,3.46,False,173,legacy / unspecified,legacy_short_packets,,62623425,62021792,75774594,2026-09-16T12:23:11.245707+00:00,first metrics observation at this step; not exact inference completion cost,327,body_pos,inverse_statics_diagnostic;model_selected_fixed_post_failure_hold;simulation_lookahead;simulation_state_diagnostic,,0.03603553047287278,0.15554739218205213,0.11473134588450193,0.4955614201724529,0.03277194972615689,0.1210646802933639
20260916-202802-316008_astra_session_v15-walk2-support-contact-10s,V15,walk2_subject3,failed,True,3.92,False,196,legacy / unspecified,legacy_short_packets,,76950151,76950151,87878534,2026-09-16T13:18:48.878868+00:00,first metrics observation at this step; not exact inference completion cost,304,body_pos,inverse_statics_diagnostic;model_selected_fixed_post_failure_hold;simulation_lookahead;simulation_state_diagnostic,,0.04480272525688633,0.22488449849188327,0.12605306776240469,0.3780213758349419,0.03490082500502467,0.07639493514565104
20260916-212224-473671_astra_session_v16-unseen-walk2-subject4-10s,V16,walk2_subject4,failed,True,5.88,False,294,legacy / unspecified,legacy_short_packets,,88679675,88208927,105548977,2026-09-16T14:32:34.050771+00:00,first metrics observation at this step; not exact inference completion cost,206,body_pos,inverse_statics_diagnostic;model_selected_fixed_post_failure_hold;simulation_lookahead;simulation_state_diagnostic,,0.038873284531291574,0.201039220392704,0.10149713726714253,0.5255743665620685,0.03908023602562025,0.06589896158872768
20260916-223534-017932_astra_session_v17-walk2-subject4-earlier-support-10s,V17,walk2_subject4,failed,True,5.54,False,277,legacy / unspecified,legacy_short_packets,,106169949,105839812,125872353,2026-09-16T16:53:35.213685+00:00,first metrics observation at this step; not exact inference completion cost,223,body_pos,inverse_statics_diagnostic;model_selected_fixed_post_failure_hold;simulation_lookahead;simulation_state_diagnostic,,0.044694544817321005,0.19012294225394727,0.12115293042734265,0.5335234507918358,0.037280154105974364,0.06720765866675424
20260917-005750-859736_astra_session_v18-walk2-contact-heading-10s,V18,walk2_subject3,failed,True,1.42,False,71,legacy / unspecified,legacy_short_packets,,127761892,127597483,137415518,2026-09-16T17:39:51.917400+00:00,first metrics observation at this step; not exact inference completion cost,429,body_pos,inverse_statics_diagnostic;model_selected_fixed_post_failure_hold;simulation_lookahead;simulation_state_diagnostic,,0.05624619480222463,0.261625062674284,0.19921834208071232,0.7966139286756515,0.03424646016210318,0.105828716826271
20260917-014341-466899_astra_session_v19-walk2-feasible-support-10s,V19,walk2_subject3,failed,True,4.28,False,214,legacy / unspecified,legacy_short_packets,,138188566,137880253,152062622,2026-09-16T18:31:10.981331+00:00,first metrics observation at this step; not exact inference completion cost,286,body_pos,contact_support_feasibility_diagnostic;inverse_statics_diagnostic;model_selected_fixed_post_failure_hold;simulation_lookahead;simulation_state_diagnostic,,0.04900365635985508,0.1572994938120246,0.14869569130241872,0.5617668401449919,0.036825374473119156,0.1358171995559481
20260917-023606-928452_astra_session_v20-walk2-initial-stance-10s,V20,walk2_subject3,failed,True,2.2,False,110,legacy / unspecified,legacy_short_packets,,154074228,153688371,161533425,2026-09-16T18:59:41.587224+00:00,first metrics observation at this step; not exact inference completion cost,390,body_pos,contact_support_feasibility_diagnostic;inverse_statics_diagnostic;model_selected_fixed_post_failure_hold;model_selected_protective_pose_after_native_failure;simulation_lookahead;simulation_state_diagnostic,,0.05002154057146981,0.26113084629178046,0.14141099443659186,0.543658722564578,0.03870216237846762,0.10105686730027875
20260917-030956-016901_astra_session_v21-walk2-reward-feedback-10s,V21,walk2_subject3,failed,True,0.86,False,43,legacy / unspecified,legacy_short_packets,,165373580,165373580,168978884,2026-09-16T19:21:28.817813+00:00,first metrics observation at this step; not exact inference completion cost,457,body_pos,inverse_statics_diagnostic;model_selected_fixed_post_failure_hold;model_selected_protective_pose_after_native_failure;simulation_lookahead;simulation_state_diagnostic;training_reward_feedback,,0.10200001234770753,0.6104323809966445,0.4326474998146296,1.1568037055432796,0.05269837657688185,0.11474933536441694
20260917-032409-444909_astra_session_v22-walk2-touchdown-aware-10s,V22,walk2_subject3,failed,True,3.98,False,199,legacy / unspecified,legacy_short_packets,,169513186,169513186,181290882,2026-09-16T20:37:49.132696+00:00,first metrics observation at this step; not exact inference completion cost,301,body_pos,model_selected_fixed_post_failure_hold;model_selected_protective_pose_after_native_failure;simulation_lookahead;simulation_state_diagnostic;training_reward_feedback,,0.04353996176505461,0.14033402614295482,0.10910462900064885,0.3719397960230708,0.03940782533027232,0.0767308052502872
20260917-044651-262914_astra_session_v23-walk2-literal-moving-targets-10s,V23,walk2_subject3,failed,True,1.48,False,74,legacy / unspecified,legacy_short_packets,,184342091,183789084,190863351,2026-09-16T21:09:35.339985+00:00,first metrics observation at this step; not exact inference completion cost,426,body_pos,contact_support_feasibility_diagnostic;model_selected_fixed_post_failure_hold;model_selected_protective_pose_after_native_failure;simulation_lookahead;simulation_state_diagnostic;training_reward_feedback,,0.05451533999294043,0.15940434392541647,0.15829357635229827,0.5107085045427084,0.03923455059994012,0.10298948463153194
20260917-051409-569065_astra_session_v24-walk2-matched-response-10s,V24,walk2_subject3,failed,True,1.96,False,98,legacy / unspecified,legacy_short_packets,,192238233,191865235,202745356,2026-09-16T21:48:59.117396+00:00,first metrics observation at this step; not exact inference completion cost,402,body_pos,fixed_root_foot_jacobian_diagnostic;model_selected_fixed_post_failure_hold;simulation_lookahead;simulation_state_diagnostic;training_reward_feedback,,0.06156190451001749,0.3433101698756218,0.2165694134309888,0.8897904146462678,0.04711604325566441,0.14155187846959702
20260917-055151-230791_astra_session_v25-walk2-support-continuation-10s,V25,walk2_subject3,failed,True,3.66,False,183,legacy / unspecified,legacy_short_packets,,203432975,203432975,219278624,2026-09-16T22:46:51.800996+00:00,first metrics observation at this step; not exact inference completion cost,317,body_pos,model_selected_fixed_post_failure_hold;simulation_lookahead;simulation_state_diagnostic;training_reward_feedback,,0.04892219190951437,0.3544359140098095,0.1269267365336418,0.4188685227185488,0.03987062211381272,0.1351079648625248
20260917-065007-215248_astra_session_v26-walk2-support-before-reposition-10s,V26,walk2_subject3,failed,True,2.82,False,141,legacy / unspecified,legacy_short_packets,,220613719,220298351,234550869,2026-09-16T23:34:41.573892+00:00,first metrics observation at this step; not exact inference completion cost,359,body_pos,contact_support_feasibility_diagnostic;explicit_contact_force_diagnostic;fixed_root_foot_jacobian_diagnostic;model_selected_fixed_post_failure_hold;simulation_lookahead;simulation_state_diagnostic;training_reward_feedback,,0.049286234367173165,0.2518347457051277,0.1284939250908792,0.4741867735981941,0.03990301884477958,0.1080441036037044
20260917-073922-317592_astra_session_v27-walk2-touchdown-leg-geometry-10s,V27,walk2_subject3,failed,True,3.42,False,171,legacy / unspecified,legacy_short_packets,,236283396,236097769,247289578,2026-09-17T00:22:11.964727+00:00,first metrics observation at this step; not exact inference completion cost,329,body_pos,contact_support_feasibility_diagnostic;model_selected_fixed_post_failure_hold;simulation_lookahead;simulation_state_diagnostic;training_reward_feedback,,0.052758706943131985,0.22905298322439194,0.15874920580536128,0.5798023089766502,0.03819854135508649,0.15833542544438303
20260917-083038-619529_astra_session_v28-walk2-flight-impact-coupling-10s,V28,walk2_subject3,failed,True,4.26,False,213,legacy / unspecified,legacy_short_packets,,248550293,236097769,260793039,2026-09-17T01:05:46.579388+00:00,first metrics observation at this step; not exact inference completion cost,287,body_pos,model_selected_fixed_post_failure_hold;simulation_lookahead;simulation_state_diagnostic;training_reward_feedback,,0.04447575106751174,0.17535333521664143,0.10425018123351038,0.32298801355063916,0.03961755305062979,0.08127768648604691
20260917-091001-640574_astra_session_v29-unseen-walk3-subject1-frozen-skill-10s,V29,walk3_subject1,failed,True,4.64,False,232,legacy / unspecified,legacy_short_packets,,262779688,236097769,279737460,2026-09-17T01:53:31.960895+00:00,first metrics observation at this step; not exact inference completion cost,268,body_pos,model_selected_fixed_post_failure_hold;simulation_lookahead;simulation_state_diagnostic;training_reward_feedback,,0.0403009838773869,0.2190975409001112,0.12329877261072397,0.4844506399706006,0.030919343256391583,0.06901218718648407
20260917-095917-379613_astra_session_v30-walk2-swing-continuity-10s,V30,walk2_subject3,failed,True,2.62,False,131,legacy / unspecified,legacy_short_packets,,281371455,281371455,295252793,2026-09-17T02:45:34.233447+00:00,first metrics observation at this step; not exact inference completion cost,369,body_pos,contact_geometry_diagnostic;contact_support_feasibility_diagnostic;model_selected_fixed_post_failure_hold;simulation_lookahead;simulation_state_diagnostic;training_reward_feedback,,0.04991902387700975,0.2507683701813221,0.13695291383191943,0.5112117912620306,0.04299361577141099,0.09231900419499584
20260917-105323-910831_astra_session_v31-walk2-initial-support-reassessment-10s,V31,walk2_subject3,failed,True,4.6,False,230,legacy / unspecified,legacy_short_packets,,297423985,281371455,320158471,2026-09-17T04:10:13.932565+00:00,first metrics observation at this step; not exact inference completion cost,270,body_pos,contact_geometry_diagnostic;contact_support_feasibility_diagnostic;model_selected_fixed_post_failure_hold;simulation_lookahead;simulation_state_diagnostic;training_reward_feedback,,0.043389333313098175,0.1621861957013607,0.12416450660675764,0.4005561899393797,0.03497181381681003,0.07451145081963066
20260917-130529-379856_astra_session_v33-walk2-reference-relative-motion-10s,V33,walk2_subject3,failed,True,1.16,False,58,legacy / unspecified,legacy_short_packets,,338775941,281371455,345147662,2026-09-17T05:22:14.581110+00:00,first metrics observation at this step; not exact inference completion cost,442,body_pos,contact_geometry_diagnostic;contact_support_feasibility_diagnostic;model_selected_fixed_post_failure_hold;simulation_lookahead;simulation_state_diagnostic;training_reward_feedback,,0.06672924748854711,0.38057481274008753,0.2787455154582858,1.230138110369444,0.04282101246062666,0.10620041237341175
20260917-132717-018232_astra_session_v34-walk2-touchdown-pose-continuity-10s,V34,walk2_subject3,failed,True,2.72,False,136,legacy / unspecified,legacy_short_packets,,346933140,281371455,358725131,2026-09-17T06:04:36.011902+00:00,first metrics observation at this step; not exact inference completion cost,364,body_pos,contact_geometry_diagnostic;contact_support_feasibility_diagnostic;model_selected_fixed_post_failure_hold;simulation_lookahead;simulation_state_diagnostic;training_reward_feedback,,0.0551253711222671,0.24761026147753,0.19461891204118728,0.6801366094499827,0.039043489703908564,0.15418217017192065
20260917-141020-450916_astra_session_v35-walk2-support-through-touchdown-10s,V35,walk2_subject3,pending,False,1.24,True,62,legacy / unspecified,legacy_short_packets,,360510024,281371455,368542199,2026-09-17T06:33:10.991917+00:00,first metrics observation at this step; not exact inference completion cost,0,,contact_geometry_diagnostic;contact_support_feasibility_diagnostic;simulation_lookahead;simulation_state_diagnostic;training_reward_feedback,,0.0491160768084228,0.14635642878711225,0.1318636801559478,0.42995845042169095,0.03891833877423778,0.051745587779629613
20260917-143853-858911_astra_session_v36-walk2-strict-single-step-10s,V36,walk2_subject3,pending,False,0.3,True,15,strict one row,single_observation_single_target_v1,,370179803,369845945,376589068,2026-09-17T07:03:17.912143+00:00,first metrics observation at this step; not exact inference completion cost,0,,contact_geometry_diagnostic;contact_support_feasibility_diagnostic;inverse_statics_diagnostic;simulation_lookahead;simulation_state_diagnostic;training_reward_feedback,,,,,,,0.04096967816973726
20260917-151916-885099_astra_session_parallel37-a01-posture-walk2s3-10s,V37/a01 posture,walk2_subject3,failed,True,1.42,False,71,strict one row,single_observation_single_target_v1,,379817865,369845945,520816135,2026-09-17T09:50:51.368392+00:00,first metrics observation at this step; not exact inference completion cost,144,body_pos,contact_support_feasibility_diagnostic;inverse_statics_diagnostic;simulation_lookahead,,0.05905794114805758,0.10693757776170969,0.19292420521378517,0.5408900387585163,0.03704203105298802,0.113592424364367
20260917-151942-222728_astra_session_parallel37-a02-velocity-walk2s3-10s,V37/a02 velocity,walk2_subject3,failed,True,0.94,False,47,strict one row,single_observation_single_target_v1,,380101032,369845945,520816135,2026-09-17T09:50:51.368392+00:00,first metrics observation at this step; not exact inference completion cost,271,body_pos,expanded_state_contact_diagnostic;simulation_lookahead;visual_state_diagnostic,,0.09136654850444756,0.3909083508886397,0.36715241633355616,1.0758090276271104,0.05037036124849692,0.11698361664039499
20260917-152703-546829_astra_session_parallel37-a03-coordination-walk2s3-10s,V37/a03 coordination,walk2_subject3,failed,True,1.08,False,54,strict one row,single_observation_single_target_v1,,382823275,369845945,504052380,2026-09-17T09:33:52.161715+00:00,first metrics observation at this step; not exact inference completion cost,166,body_pos,contact_support_feasibility_diagnostic;inverse_statics_diagnostic;rendered_state_diagnostic;simulation_lookahead,,0.09103887542150915,0.36651788633316756,0.3410191770642996,0.831423857063055,0.053929565165890384,0.14292163964085006
20260917-152737-851114_astra_session_parallel37-a04-support-response-walk2s3-10s,V37/a04 support,walk2_subject3,failed,True,0.94,False,47,strict one row,single_observation_single_target_v1,,383140199,369845945,518348246,2026-09-17T09:48:00.308333+00:00,first metrics observation at this step; not exact inference completion cost,53,body_pos,contact_support_feasibility_diagnostic;model_selected_protective_pose_after_native_failure;simulation_lookahead;simulation_state_diagnostic;training_reward_feedback,,0.06843272812548093,0.30293142311275006,0.2625105822458863,0.7031250990927219,0.04669626656686887,0.08544828244881268
20260917-175106-028747_astra_session_parallel37-a05-posture-walk2s4-until-termination,V37/a05 posture,walk2_subject4,failed,True,1.24,False,62,strict one row,single_observation_single_target_v1,,521314572,369845945,572454375,2026-09-17T10:46:58.137259+00:00,first metrics observation at this step; not exact inference completion cost,0,body_pos,contact_support_feasibility_diagnostic;inverse_statics_diagnostic;simulation_lookahead,,0.056070442381314936,0.1656249389052391,0.1759537473320961,0.5418443381786346,0.0332087310263887,0.09355471023328361
20260917-175347-938330_astra_session_parallel37-a06-velocity-walk2s4-attempt,V37/a06 velocity,walk2_subject4,failed,True,3.7,False,185,strict one row,single_observation_single_target_v1,,524059391,369845945,687493919,2026-09-17T13:08:16.537593+00:00,first metrics observation at this step; not exact inference completion cost,0,body_pos,cross_trial_support_observation;expanded_state_diagnostic;longer_future_reference;simulation_lookahead;support_geometry_diagnostic,,0.0422209863201715,0.11843345742672681,0.11577394013293088,0.3914340702816844,0.0339116339047905,0.10120149175510616
20260917-175601-403366_astra_session_parallel37-a07-coordination-walk2s4-attempt,V37/a07 coordination,walk2_subject4,failed,True,1.92,False,96,adaptive strict,single_observation_single_target_v1,,526549925,369845945,609629689,2026-09-17T11:29:19.605223+00:00,first metrics observation at this step; not exact inference completion cost,0,body_pos,contact_support_feasibility_diagnostic;inverse_statics_diagnostic;simulation_lookahead,,0.056960466946475205,0.22963410653173924,0.1575056876987219,0.5265342872589827,0.03328044827794656,0.11645213571803954
20260917-175639-948754_astra_session_parallel37-a08-support-response-walk2s4-until-termination,V37/a08 support,walk2_subject4,user-paused,False,4.74,True,237,adaptive strict,single_observation_single_target_v1,,527565595,369845945,886963929,2026-09-18T03:02:39.659449+00:00,first metrics observation at this step; not exact inference completion cost,0,,contact_support_feasibility_diagnostic;copied_endpoint_contact_diagnostic;copied_physics_probe;expanded_support_diagnostic;inverse_statics_diagnostic;kinematic_jacobian_diagnostic;physics_lookahead;prior_contact_support_feasibility_diagnostic;prior_development_teacher_exposure;prior_expanded_support_diagnostic;prior_inverse_statics_diagnostic;prior_simulation_lookahead;saved_body_angular_velocity_diagnostic;saved_physics_angular_frame_diagnostic;saved_physics_support_diagnostic;simulation_lookahead;simulation_state_diagnostic;support_contact_diagnostic;training_reward_diagnostics,,0.049935251532588154,0.14807268250733613,0.142141820397228,0.531253119558096,0.03377198128728196,0.06222105060236426
20260917-184905-150365_astra_session_parallel37-a09-posture-walk3s1-until-termination,V37/a09 posture,walk3_subject1,failed,True,4.16,False,208,strict one row,single_observation_single_target_v1,,574950295,369845945,777210675,2026-09-17T19:08:06.121145+00:00,first metrics observation at this step; not exact inference completion cost,0,body_pos,contact_geometry_diagnostic;contact_normal_jacobian_diagnostic;copied_physics_lookahead;expanded_state_reference_diagnostic;inverse_statics_diagnostic;simulation_lookahead,,0.0479140454903245,0.16501473244279624,0.13844803553074597,0.44796321243047715,0.029321329871891066,0.0765080307968534
20260917-193205-332867_astra_session_parallel37-a11-coordination-walk3s1-attempt,V37/a11 coordination,walk3_subject1,failed,True,4.86,False,243,strict one row,single_observation_single_target_v1,,612826928,369845945,828182306,2026-09-17T20:10:00.900269+00:00,first metrics observation at this step; not exact inference completion cost,0,body_pos,copied_physics_probe;expanded_state_support_diagnostic;inverse_statics_diagnostic;prior_simulation_lookahead;simulation_lookahead;training_reward_feedback,,0.03982726773247123,0.14952986855059863,0.09311100975610316,0.3156155309639871,0.03182848474243656,0.06472078793578678
20260917-210814-248418_astra_session_parallel37-a10-velocity-walk3s1-attempt,V37/a10 velocity,walk3_subject1,failed,True,3.96,False,198,strict one row,single_observation_single_target_v1,,687493919,369845945,826814540,2026-09-17T20:08:25.105209+00:00,first metrics observation at this step; not exact inference completion cost,0,body_pos,cross_trial_support_observation;simulation_lookahead;support_geometry_diagnostic,,0.036511100362986326,0.14441957399249078,0.1055951111484319,0.40853190887719393,0.03099928351584822,0.06680626476729157
20260918-030859-656098_astra_session_parallel37-a13-posture-walk1s2-until-termination,V37/a13 posture,walk1_subject2,failed,True,1.62,False,81,strict one row,single_observation_single_target_v1,,778613685,369845945,862729825,2026-09-17T20:49:31.430474+00:00,first metrics observation at this step; not exact inference completion cost,0,body_pos,contact_geometry_diagnostic;copied_physics_lookahead;inverse_statics_diagnostic;saved_physics_angular_frame_diagnostic,,0.04161099456250668,0.10730228982865811,0.13177562020719052,0.3744632862508297,0.030682878149673343,0.07319008370424494
20260918-041036-041104_astra_session_parallel37-a14-velocity-walk1s2-attempt,V37/a14 velocity,walk1_subject2,failed,True,1.7,False,85,strict one row,single_observation_single_target_v1,,829235679,369845945,892202823,2026-09-18T03:13:46.507461+00:00,first metrics observation at this step; not exact inference completion cost,0,body_pos,angular_frame_diagnostic;contact_endpoint_audit;cross_trial_support_observation;simulation_lookahead;support_geometry_diagnostic,,0.04790703259059228,0.165341966599226,0.1733485521748662,0.6331955552101135,0.03087554528610781,0.1160287248545929
20260918-041148-895997_astra_session_parallel37-a15-coordination-walk1s2-attempt,V37/a15 coordination,walk1_subject2,user-paused,False,1.34,True,67,strict one row,single_observation_single_target_v1,,830190718,369845945,887585341,2026-09-18T03:03:32.909200+00:00,first metrics observation at this step; not exact inference completion cost,0,,constant_height_capture_warning_diagnostic;copied_physics_probe;copied_prefix_endpoint_contact_audit;expanded_state_support_diagnostic;inverse_statics_diagnostic;prior_simulation_lookahead;saved_state_angular_frame_diagnostic,,0.03768172526033595,0.10531659312546253,0.11915975306183099,0.36993168815970423,0.030654951359611004,0.055701288999294614
20260918-113033-794840_astra_session_parallel38-a01-baseline-walk2s3,V38/a01 baseline,walk2_subject3,failed,True,0.98,False,49,strict one row,single_observation_single_target_v1,30700bb82ee78682f61cb296e946bcba1bd10adfea72182a499ff74fdd1535c7,904423904,369845945,945409060,2026-09-18T04:14:22.319669+00:00,first metrics observation at this step; not exact inference completion cost,0,anchor_z;body_pos,actor_kinematic_angular;contact_geometry_diagnostic;expanded_input;native_error_feedback;raw_runtime_contact_diagnostic;simulation_lookahead,900978827,0.10106786774704232,0.547317154891789,0.4125209078192711,1.0297815904021264,0.047965197009034455,0.14315494276317103
20260918-113259-932432_astra_session_parallel38-a02-baseline-walk2s4,V38/a02 baseline,walk2_subject4,failed,True,4.04,False,202,strict one row,single_observation_single_target_v1,30700bb82ee78682f61cb296e946bcba1bd10adfea72182a499ff74fdd1535c7,906078426,369845945,1041866740,2026-09-18T08:02:36.488731+00:00,first metrics observation at this step; not exact inference completion cost,0,body_pos,actor_kinematic_angular;contact_geometry_diagnostic;native_error_feedback;simulation_lookahead;training_reward_feedback,900978827,0.04937938472721726,0.12914815954864026,0.13896255157887935,0.49143852926790715,0.03382369222817942,0.07434068224162306
20260918-113301-270564_astra_session_parallel38-a03-baseline-walk3s1,V38/a03 baseline,walk3_subject1,failed,True,3.26,False,163,strict one row,single_observation_single_target_v1,30700bb82ee78682f61cb296e946bcba1bd10adfea72182a499ff74fdd1535c7,906099137,369845945,1004989243,2026-09-18T05:39:44.034026+00:00,first metrics observation at this step; not exact inference completion cost,0,body_pos,actor_kinematic_angular;contact_geometry_diagnostic;native_error_feedback;simulation_lookahead;training_reward_feedback,900978827,0.04348846208304167,0.17191167920827866,0.12102568503469228,0.42495318669825793,0.030641613219631835,0.07114169652933723
20260918-121545-028516_astra_session_parallel38-a04-baseline-walk1s2,V38/a04 baseline,walk1_subject2,failed,True,2.6,False,130,strict one row,single_observation_single_target_v1,30700bb82ee78682f61cb296e946bcba1bd10adfea72182a499ff74fdd1535c7,946923687,369845945,1013497500,2026-09-18T06:50:48.094762+00:00,first metrics observation at this step; not exact inference completion cost,0,body_pos,actor_kinematic_angular_decoding;actual contact request11 at step67; copied diagnostic budgets exhausted;actual contact request12 at step80; all copied and contact budgets exhausted;authorized_reference_joint_horizon;contact_geometry_diagnostic;scalar_error_feedback;simulation_lookahead;training_reward_feedback,900978827,0.03813787859980948,0.13895528577268124,0.12274058740586043,0.43914959244430063,0.03171337167732417,0.10520722832566556
20260918-162334-035034_astra_session_parallel39-a01-baseline-walk2_subject3,V39/a01 baseline,walk2_subject3,failed,True,1.04,False,52,strict one row,single_observation_single_target_v1,30700bb82ee78682f61cb296e946bcba1bd10adfea72182a499ff74fdd1535c7,1046766261,369845945,1071665782,2026-09-18T09:07:43.356084+00:00,first metrics observation at this step; not exact inference completion cost,0,body_pos,actor_angular_decoding;contact_geometry_diagnostic;raw_runtime_contact_diagnostic;scalar_error_feedback;simulation_lookahead;training_reward_feedback,1046180345,0.10276002926984802,0.5056494183838367,0.4191006921231747,1.2541543252766132,0.062141613464336845,0.1537550226874793
20260918-162428-042294_astra_session_parallel39-a02-candidate-walk2_subject3,V39/a02 candidate,walk2_subject3,failed,True,0.96,False,48,strict one row,single_observation_single_target_v1,f5c230512d793b1e83a9d77f24100a784f4038932e10bc6f2adedd6dcfeb2a2f,1047004806,900225577,1085083166,2026-09-18T09:30:59.685133+00:00,first metrics observation at this step; not exact inference completion cost,0,body_pos,actor_angular_decoding;authorized_reference_joints;contact_geometry_diagnostic;native_scalar_errors;native_scalar_errors_and_training_reward;prior_contact_geometry;prior_copied_contact_approach;prior_copied_lateral_sign;prior_step0_copied_diagnostic;prior_step8_copied_diagnostic;public_joint_limits;public_static_PD_gains;simulation_lookahead;support_estimated_after_budget_exhaustion,1046180345,0.10828863375354558,0.4804696822538972,0.4774890083819628,1.4818724174052478,0.053001759957987817,0.14852143942456073
